Biomarker	Medium	label
28264149::span:12:37	28264149::span:0:10	1
28264072::span:161:166	28264072::span:4:8	1
28264072::span:161:166	28264072::span:174:178	1
28264072::span:386:391	28264072::span:4:8	1
28264072::span:386:391	28264072::span:174:178	1
28264072::span:4:8	28264072::span:161:166	1
28264072::span:4:8	28264072::span:386:391	1
28264072::span:174:178	28264072::span:161:166	1
28264072::span:174:178	28264072::span:386:391	1
28264072::span:161:166	28264072::span:578:587	1
28264072::span:386:391	28264072::span:578:587	1
28264072::span:578:587	28264072::span:161:166	1
28264072::span:578:587	28264072::span:386:391	1
28264072::span:161:166	28264072::span:330:353	1
28264072::span:161:166	28264072::span:1625:1648	1
28264072::span:386:391	28264072::span:330:353	1
28264072::span:386:391	28264072::span:1625:1648	1
28264072::span:330:353	28264072::span:961:966	1
28264072::span:1625:1648	28264072::span:961:966	1
28264072::span:961:966	28264072::span:330:353	1
28264072::span:961:966	28264072::span:1625:1648	1
28264072::span:330:353	28264072::span:961:966	1
28264072::span:1625:1648	28264072::span:961:966	1
28264072::span:961:966	28264072::span:578:587	1
28264072::span:578:587	28264072::span:961:966	1
28264072::span:961:966	28264072::span:4:8	1
28264072::span:961:966	28264072::span:174:178	1
28264063::span:920:950	28264063::span:15:24	1
28264063::span:920:950	28264063::span:1012:1021	1
28264063::span:920:950	28264063::span:1185:1194	1
28264063::span:920:950	28264063::span:1307:1316	1
28264063::span:920:950	28264063::span:1424:1433	1
28264063::span:920:950	28264063::span:1924:1933	1
28264063::span:920:950	28264063::span:2061:2070	1
28264009::span:47:53	28264009::span:79:89	1
28264009::span:47:53	28264009::span:1415:1425	1
28264009::span:269:275	28264009::span:79:89	1
28264009::span:269:275	28264009::span:1415:1425	1
28264009::span:409:415	28264009::span:79:89	1
28264009::span:409:415	28264009::span:1415:1425	1
28263981::span:0:6	28263981::span:110:131	1
28263981::span:141:147	28263981::span:110:131	1
28263981::span:579:585	28263981::span:110:131	1
28263981::span:867:873	28263981::span:110:131	1
28263981::span:1020:1026	28263981::span:110:131	1
28263971::span:0:34	28263971::span:1345:1348	1
28263971::span:1345:1348	28263971::span:1354:1357	1
28263971::span:1354:1357	28263971::span:1389:1399	1
28263971::span:1389:1399	28263971::span:1401:1406	1
28263971::span:1401:1406	28263971::span:1409:1412	1
28263971::span:1409:1412	28263971::span:1418:1422	1
28263971::span:1418:1422	28263971::span:233:248	1
28263971::span:233:248	28263971::span:402:414	1
28263971::span:402:414	28263971::span:587:598	1
28263860::span:32:57	28263860::span:1006:1007	1
28263860::span:32:57	28263860::span:1218:1219	1
28263860::span:138:163	28263860::span:1006:1007	1
28263860::span:138:163	28263860::span:1218:1219	1
28263860::span:1006:1007	28263860::span:32:57	1
28263860::span:1006:1007	28263860::span:138:163	1
28263860::span:1218:1219	28263860::span:32:57	1
28263860::span:1218:1219	28263860::span:138:163	1
28263860::span:32:57	28263860::span:1013:1018	1
28263860::span:138:163	28263860::span:1013:1018	1
28263860::span:1013:1018	28263860::span:32:57	1
28263860::span:1013:1018	28263860::span:138:163	1
28263860::span:32:57	28263860::span:994:1003	1
28263860::span:32:57	28263860::span:1206:1215	1
28263860::span:138:163	28263860::span:994:1003	1
28263860::span:138:163	28263860::span:1206:1215	1
28263860::span:994:1003	28263860::span:82:86	1
28263860::span:994:1003	28263860::span:471:475	1
28263860::span:994:1003	28263860::span:495:499	1
28263860::span:994:1003	28263860::span:642:646	1
28263860::span:994:1003	28263860::span:834:838	1
28263860::span:994:1003	28263860::span:1098:1102	1
28263860::span:994:1003	28263860::span:1567:1571	1
28263860::span:1206:1215	28263860::span:82:86	1
28263860::span:1206:1215	28263860::span:471:475	1
28263860::span:1206:1215	28263860::span:495:499	1
28263860::span:1206:1215	28263860::span:642:646	1
28263860::span:1206:1215	28263860::span:834:838	1
28263860::span:1206:1215	28263860::span:1098:1102	1
28263860::span:1206:1215	28263860::span:1567:1571	1
28263860::span:82:86	28263860::span:979:982	1
28263860::span:82:86	28263860::span:1191:1194	1
28263860::span:471:475	28263860::span:979:982	1
28263860::span:471:475	28263860::span:1191:1194	1
28263860::span:495:499	28263860::span:979:982	1
28263860::span:495:499	28263860::span:1191:1194	1
28263860::span:642:646	28263860::span:979:982	1
28263860::span:642:646	28263860::span:1191:1194	1
28263860::span:834:838	28263860::span:979:982	1
28263860::span:834:838	28263860::span:1191:1194	1
28263860::span:1098:1102	28263860::span:979:982	1
28263860::span:1098:1102	28263860::span:1191:1194	1
28263860::span:1567:1571	28263860::span:979:982	1
28263860::span:1567:1571	28263860::span:1191:1194	1
28263860::span:979:982	28263860::span:82:86	1
28263860::span:979:982	28263860::span:471:475	1
28263860::span:979:982	28263860::span:495:499	1
28263860::span:979:982	28263860::span:642:646	1
28263860::span:979:982	28263860::span:834:838	1
28263860::span:979:982	28263860::span:1098:1102	1
28263860::span:979:982	28263860::span:1567:1571	1
28263860::span:1191:1194	28263860::span:82:86	1
28263860::span:1191:1194	28263860::span:471:475	1
28263860::span:1191:1194	28263860::span:495:499	1
28263860::span:1191:1194	28263860::span:642:646	1
28263860::span:1191:1194	28263860::span:834:838	1
28263860::span:1191:1194	28263860::span:1098:1102	1
28263860::span:1191:1194	28263860::span:1567:1571	1
28263860::span:82:86	28263860::span:985:991	1
28263860::span:82:86	28263860::span:1197:1203	1
28263860::span:471:475	28263860::span:985:991	1
28263860::span:471:475	28263860::span:1197:1203	1
28263860::span:495:499	28263860::span:985:991	1
28263860::span:495:499	28263860::span:1197:1203	1
28263860::span:642:646	28263860::span:985:991	1
28263860::span:642:646	28263860::span:1197:1203	1
28263860::span:834:838	28263860::span:985:991	1
28263860::span:834:838	28263860::span:1197:1203	1
28263860::span:1098:1102	28263860::span:985:991	1
28263860::span:1098:1102	28263860::span:1197:1203	1
28263860::span:1567:1571	28263860::span:985:991	1
28263860::span:1567:1571	28263860::span:1197:1203	1
28263860::span:985:991	28263860::span:82:86	1
28263860::span:985:991	28263860::span:471:475	1
28263860::span:985:991	28263860::span:495:499	1
28263860::span:985:991	28263860::span:642:646	1
28263860::span:985:991	28263860::span:834:838	1
28263860::span:985:991	28263860::span:1098:1102	1
28263860::span:985:991	28263860::span:1567:1571	1
28263860::span:1197:1203	28263860::span:82:86	1
28263860::span:1197:1203	28263860::span:471:475	1
28263860::span:1197:1203	28263860::span:495:499	1
28263860::span:1197:1203	28263860::span:642:646	1
28263860::span:1197:1203	28263860::span:834:838	1
28263860::span:1197:1203	28263860::span:1098:1102	1
28263860::span:1197:1203	28263860::span:1567:1571	1
28263860::span:82:86	28263860::span:994:1003	1
28263860::span:82:86	28263860::span:1206:1215	1
28263860::span:471:475	28263860::span:994:1003	1
28263860::span:471:475	28263860::span:1206:1215	1
28263860::span:495:499	28263860::span:994:1003	1
28263860::span:495:499	28263860::span:1206:1215	1
28263860::span:642:646	28263860::span:994:1003	1
28263860::span:642:646	28263860::span:1206:1215	1
28263860::span:834:838	28263860::span:994:1003	1
28263860::span:834:838	28263860::span:1206:1215	1
28263860::span:1098:1102	28263860::span:994:1003	1
28263860::span:1098:1102	28263860::span:1206:1215	1
28263860::span:1567:1571	28263860::span:994:1003	1
28263860::span:1567:1571	28263860::span:1206:1215	1
28263860::span:994:1003	28263860::span:82:86	1
28263860::span:994:1003	28263860::span:471:475	1
28263860::span:994:1003	28263860::span:495:499	1
28263860::span:994:1003	28263860::span:642:646	1
28263860::span:994:1003	28263860::span:834:838	1
28263860::span:994:1003	28263860::span:1098:1102	1
28263860::span:994:1003	28263860::span:1567:1571	1
28263860::span:1206:1215	28263860::span:82:86	1
28263860::span:1206:1215	28263860::span:471:475	1
28263860::span:1206:1215	28263860::span:495:499	1
28263860::span:1206:1215	28263860::span:642:646	1
28263860::span:1206:1215	28263860::span:834:838	1
28263860::span:1206:1215	28263860::span:1098:1102	1
28263860::span:1206:1215	28263860::span:1567:1571	1
28263860::span:82:86	28263860::span:1006:1007	1
28263860::span:82:86	28263860::span:1218:1219	1
28263860::span:471:475	28263860::span:1006:1007	1
28263860::span:471:475	28263860::span:1218:1219	1
28263860::span:495:499	28263860::span:1006:1007	1
28263860::span:495:499	28263860::span:1218:1219	1
28263860::span:642:646	28263860::span:1006:1007	1
28263860::span:642:646	28263860::span:1218:1219	1
28263860::span:834:838	28263860::span:1006:1007	1
28263860::span:834:838	28263860::span:1218:1219	1
28263860::span:1098:1102	28263860::span:1006:1007	1
28263860::span:1098:1102	28263860::span:1218:1219	1
28263860::span:1567:1571	28263860::span:1006:1007	1
28263860::span:1567:1571	28263860::span:1218:1219	1
28263860::span:1006:1007	28263860::span:82:86	1
28263860::span:1006:1007	28263860::span:471:475	1
28263860::span:1006:1007	28263860::span:495:499	1
28263860::span:1006:1007	28263860::span:642:646	1
28263860::span:1006:1007	28263860::span:834:838	1
28263860::span:1006:1007	28263860::span:1098:1102	1
28263860::span:1006:1007	28263860::span:1567:1571	1
28263860::span:1218:1219	28263860::span:82:86	1
28263860::span:1218:1219	28263860::span:471:475	1
28263860::span:1218:1219	28263860::span:495:499	1
28263860::span:1218:1219	28263860::span:642:646	1
28263860::span:1218:1219	28263860::span:834:838	1
28263860::span:1218:1219	28263860::span:1098:1102	1
28263860::span:1218:1219	28263860::span:1567:1571	1
28263860::span:82:86	28263860::span:1013:1018	1
28263860::span:471:475	28263860::span:1013:1018	1
28263860::span:495:499	28263860::span:1013:1018	1
28263860::span:642:646	28263860::span:1013:1018	1
28263860::span:834:838	28263860::span:1013:1018	1
28263860::span:1098:1102	28263860::span:1013:1018	1
28263860::span:1567:1571	28263860::span:1013:1018	1
28263860::span:1013:1018	28263860::span:32:57	1
28263860::span:1013:1018	28263860::span:138:163	1
28263860::span:32:57	28263860::span:985:991	1
28263860::span:32:57	28263860::span:1197:1203	1
28263860::span:138:163	28263860::span:985:991	1
28263860::span:138:163	28263860::span:1197:1203	1
28263860::span:985:991	28263860::span:32:57	1
28263860::span:985:991	28263860::span:138:163	1
28263860::span:1197:1203	28263860::span:32:57	1
28263860::span:1197:1203	28263860::span:138:163	1
28263860::span:32:57	28263860::span:979:982	1
28263860::span:32:57	28263860::span:1191:1194	1
28263860::span:138:163	28263860::span:979:982	1
28263860::span:138:163	28263860::span:1191:1194	1
28263742::span:62:67	28263742::span:42:60	1
28263742::span:62:67	28263742::span:146:164	1
28263742::span:172:177	28263742::span:42:60	1
28263742::span:172:177	28263742::span:146:164	1
28263742::span:550:555	28263742::span:42:60	1
28263742::span:550:555	28263742::span:146:164	1
28263742::span:903:908	28263742::span:42:60	1
28263742::span:903:908	28263742::span:146:164	1
28263742::span:1036:1041	28263742::span:42:60	1
28263742::span:1036:1041	28263742::span:146:164	1
28263742::span:1224:1229	28263742::span:42:60	1
28263742::span:1224:1229	28263742::span:146:164	1
28263550::span:189:199	28263550::span:368:373	1
28263550::span:189:199	28263550::span:700:705	1
28263550::span:189:199	28263550::span:914:919	1
28263550::span:189:199	28263550::span:983:988	1
28263550::span:368:373	28263550::span:379:403	1
28263550::span:700:705	28263550::span:379:403	1
28263550::span:914:919	28263550::span:379:403	1
28263550::span:983:988	28263550::span:379:403	1
28263550::span:379:403	28263550::span:189:199	1
28263550::span:189:199	28263550::span:368:373	1
28263550::span:189:199	28263550::span:700:705	1
28263550::span:189:199	28263550::span:914:919	1
28263550::span:189:199	28263550::span:983:988	1
28263550::span:368:373	28263550::span:379:403	1
28263550::span:700:705	28263550::span:379:403	1
28263550::span:914:919	28263550::span:379:403	1
28263550::span:983:988	28263550::span:379:403	1
28263535::span:1049:1051	28263535::span:959:976	1
28263535::span:1393:1395	28263535::span:959:976	1
28263525::span:720:744	28263525::span:312:342	1
28263525::span:312:342	28263525::span:634:665	1
28263525::span:634:665	28263525::span:312:342	1
28263525::span:312:342	28263525::span:668:685	1
28263525::span:668:685	28263525::span:312:342	1
28263525::span:312:342	28263525::span:688:713	1
28263525::span:688:713	28263525::span:348:352	1
28263525::span:348:352	28263525::span:720:744	1
28263525::span:720:744	28263525::span:348:352	1
28263525::span:348:352	28263525::span:634:665	1
28263525::span:634:665	28263525::span:348:352	1
28263525::span:348:352	28263525::span:569:603	1
28263525::span:569:603	28263525::span:348:352	1
28263525::span:348:352	28263525::span:688:713	1
28263525::span:688:713	28263525::span:312:342	1
28263525::span:312:342	28263525::span:569:603	1
28263525::span:569:603	28263525::span:312:342	1
28263525::span:312:342	28263525::span:606:631	1
28263525::span:606:631	28263525::span:348:352	1
28263525::span:348:352	28263525::span:668:685	1
28263525::span:668:685	28263525::span:348:352	1
28263525::span:348:352	28263525::span:606:631	1
28263525::span:606:631	28263525::span:312:342	1
28263489::span:0:2	28263489::span:14:23	1
28263489::span:425:427	28263489::span:14:23	1
28263489::span:861:863	28263489::span:14:23	1
28263489::span:14:23	28263489::span:39:54	1
28263432::span:14:24	28263432::span:33:50	1
28263391::span:18:33	28263391::span:1226:1232	1
28263391::span:1226:1232	28263391::span:45:48	1
28263391::span:45:48	28263391::span:1167:1171	1
28263391::span:1167:1171	28263391::span:1174:1179	1
28263391::span:1174:1179	28263391::span:1182:1187	1
28263391::span:1182:1187	28263391::span:1190:1196	1
28263391::span:1190:1196	28263391::span:1199:1205	1
28263391::span:1199:1205	28263391::span:1208:1211	1
28263391::span:1208:1211	28263391::span:1214:1220	1
28263391::span:1214:1220	28263391::span:57:77	1
28263294::span:24:53	28263294::span:260:285	1
28263294::span:475:504	28263294::span:260:285	1
28263172::span:351:369	28263172::span:12:25	1
28263100::span:16:21	28263100::span:10:14	1
28263100::span:16:21	28263100::span:860:864	1
28263100::span:96:101	28263100::span:10:14	1
28263100::span:96:101	28263100::span:860:864	1
28263100::span:306:311	28263100::span:10:14	1
28263100::span:306:311	28263100::span:860:864	1
28263100::span:419:424	28263100::span:10:14	1
28263100::span:419:424	28263100::span:860:864	1
28263100::span:966:971	28263100::span:10:14	1
28263100::span:966:971	28263100::span:860:864	1
28263100::span:1543:1548	28263100::span:10:14	1
28263100::span:1543:1548	28263100::span:860:864	1
28263100::span:1701:1706	28263100::span:10:14	1
28263100::span:1701:1706	28263100::span:860:864	1
28263100::span:1887:1892	28263100::span:10:14	1
28263100::span:1887:1892	28263100::span:860:864	1
28263100::span:2020:2025	28263100::span:10:14	1
28263100::span:2020:2025	28263100::span:860:864	1
28263099::span:1526:1529	28263099::span:1372:1382	1
28263099::span:1372:1382	28263099::span:1526:1529	1
28263099::span:1526:1529	28263099::span:1537:1537	1
28263099::span:1537:1537	28263099::span:1526:1529	1
28263099::span:1526:1529	28263099::span:1388:1395	1
28263099::span:1526:1529	28263099::span:1544:1551	1
28263001::span:237:259	28263001::span:304:307	1
28262971::span:96:101	28262971::span:449:454	1
28262851::span:1013:1034	28262851::span:877:881	1
28262851::span:877:881	28262851::span:966:985	1
28262851::span:966:985	28262851::span:877:881	1
28262851::span:877:881	28262851::span:994:1001	1
28262851::span:994:1001	28262851::span:877:881	1
28262744::span:847:871	28262744::span:39:43	1
28262744::span:847:871	28262744::span:380:384	1
28262744::span:847:871	28262744::span:417:421	1
28262744::span:39:43	28262744::span:715:747	1
28262744::span:380:384	28262744::span:715:747	1
28262744::span:417:421	28262744::span:715:747	1
28262744::span:715:747	28262744::span:39:43	1
28262744::span:715:747	28262744::span:380:384	1
28262744::span:715:747	28262744::span:417:421	1
28262744::span:39:43	28262744::span:761:775	1
28262744::span:380:384	28262744::span:761:775	1
28262744::span:417:421	28262744::span:761:775	1
28262744::span:761:775	28262744::span:39:43	1
28262744::span:761:775	28262744::span:380:384	1
28262744::span:761:775	28262744::span:417:421	1
28262744::span:39:43	28262744::span:673:706	1
28262744::span:380:384	28262744::span:673:706	1
28262744::span:417:421	28262744::span:673:706	1
28262744::span:673:706	28262744::span:39:43	1
28262744::span:673:706	28262744::span:380:384	1
28262744::span:673:706	28262744::span:417:421	1
28262740::span:357:376	28262740::span:876:880	1
28262740::span:876:880	28262740::span:357:376	1
28262740::span:357:376	28262740::span:948:953	1
28262740::span:357:376	28262740::span:1540:1545	1
28262692::span:0:9	28262692::span:720:724	1
28262692::span:720:724	28262692::span:0:9	1
28262692::span:0:9	28262692::span:726:732	1
28262692::span:726:732	28262692::span:0:9	1
28262692::span:0:9	28262692::span:22:26	1
28262692::span:0:9	28262692::span:671:675	1
28262611::span:193:201	28262611::span:1060:1064	1
28262611::span:1037:1045	28262611::span:1060:1064	1
28262611::span:1227:1235	28262611::span:1060:1064	1
28262611::span:1380:1388	28262611::span:1060:1064	1
28262611::span:1060:1064	28262611::span:193:201	1
28262611::span:1060:1064	28262611::span:1037:1045	1
28262611::span:1060:1064	28262611::span:1227:1235	1
28262611::span:1060:1064	28262611::span:1380:1388	1
28262611::span:193:201	28262611::span:1070:1074	1
28262611::span:1037:1045	28262611::span:1070:1074	1
28262611::span:1227:1235	28262611::span:1070:1074	1
28262611::span:1380:1388	28262611::span:1070:1074	1
28262603::span:108:126	28262603::span:1033:1037	1
28262603::span:428:446	28262603::span:1033:1037	1
28262440::span:0:14	28262440::span:660:664	1
28262440::span:1055:1069	28262440::span:660:664	1
28262440::span:1203:1217	28262440::span:660:664	1
28262440::span:1703:1717	28262440::span:660:664	1
28262254::span:20:33	28262254::span:452:457	1
28262254::span:20:33	28262254::span:802:807	1
28262254::span:349:362	28262254::span:452:457	1
28262254::span:349:362	28262254::span:802:807	1
28262254::span:459:472	28262254::span:452:457	1
28262254::span:459:472	28262254::span:802:807	1
28262254::span:705:718	28262254::span:452:457	1
28262254::span:705:718	28262254::span:802:807	1
28262254::span:809:822	28262254::span:452:457	1
28262254::span:809:822	28262254::span:802:807	1
28262254::span:1072:1085	28262254::span:452:457	1
28262254::span:1072:1085	28262254::span:802:807	1
28262254::span:1309:1322	28262254::span:452:457	1
28262254::span:1309:1322	28262254::span:802:807	1
28262254::span:1424:1437	28262254::span:452:457	1
28262254::span:1424:1437	28262254::span:802:807	1
28262254::span:1573:1586	28262254::span:452:457	1
28262254::span:1573:1586	28262254::span:802:807	1
28262254::span:1786:1799	28262254::span:452:457	1
28262254::span:1786:1799	28262254::span:802:807	1
28262254::span:2073:2086	28262254::span:452:457	1
28262254::span:2073:2086	28262254::span:802:807	1
28261998::span:58:75	28261998::span:638:642	1
28261998::span:498:515	28261998::span:638:642	1
28261974::span:404:438	28261974::span:467:475	1
28261965::span:951:964	28261965::span:967:975	1
28261965::span:967:975	28261965::span:981:1015	1
28261965::span:981:1015	28261965::span:1238:1271	1
28261965::span:1238:1271	28261965::span:1738:1762	1
28261965::span:1738:1762	28261965::span:44:62	1
28261965::span:44:62	28261965::span:558:565	1
28261965::span:558:565	28261965::span:44:62	1
28261963::span:632:641	28261963::span:28:39	1
28261963::span:632:641	28261963::span:218:229	1
28261963::span:632:641	28261963::span:386:397	1
28261963::span:632:641	28261963::span:712:723	1
28261963::span:632:641	28261963::span:756:767	1
28261963::span:632:641	28261963::span:858:869	1
28261963::span:632:641	28261963::span:1784:1795	1
28261963::span:632:641	28261963::span:1827:1838	1
28261960::span:0:24	28261960::span:796:813	1
28261960::span:796:813	28261960::span:816:841	1
28261960::span:816:841	28261960::span:847:857	1
28261960::span:847:857	28261960::span:659:663	1
28261960::span:659:663	28261960::span:666:670	1
28261960::span:666:670	28261960::span:673:678	1
28261960::span:673:678	28261960::span:681:686	1
28261960::span:681:686	28261960::span:689:693	1
28261960::span:689:693	28261960::span:696:700	1
28261960::span:696:700	28261960::span:736:760	1
28261960::span:736:760	28261960::span:763:793	1
28261960::span:763:793	28261960::span:29:47	1
28261960::span:763:793	28261960::span:399:417	1
28261953::span:27:31	28261953::span:542:545	1
28261953::span:27:31	28261953::span:841:844	1
28261953::span:27:31	28261953::span:1174:1177	1
28261953::span:526:530	28261953::span:542:545	1
28261953::span:526:530	28261953::span:841:844	1
28261953::span:526:530	28261953::span:1174:1177	1
28261953::span:825:829	28261953::span:542:545	1
28261953::span:825:829	28261953::span:841:844	1
28261953::span:825:829	28261953::span:1174:1177	1
28261953::span:1265:1269	28261953::span:542:545	1
28261953::span:1265:1269	28261953::span:841:844	1
28261953::span:1265:1269	28261953::span:1174:1177	1
28261953::span:542:545	28261953::span:37:41	1
28261953::span:542:545	28261953::span:536:540	1
28261953::span:542:545	28261953::span:835:839	1
28261953::span:542:545	28261953::span:1275:1279	1
28261953::span:841:844	28261953::span:37:41	1
28261953::span:841:844	28261953::span:536:540	1
28261953::span:841:844	28261953::span:835:839	1
28261953::span:841:844	28261953::span:1275:1279	1
28261953::span:1174:1177	28261953::span:37:41	1
28261953::span:1174:1177	28261953::span:536:540	1
28261953::span:1174:1177	28261953::span:835:839	1
28261953::span:1174:1177	28261953::span:1275:1279	1
28261953::span:37:41	28261953::span:542:545	1
28261953::span:37:41	28261953::span:841:844	1
28261953::span:37:41	28261953::span:1174:1177	1
28261953::span:536:540	28261953::span:542:545	1
28261953::span:536:540	28261953::span:841:844	1
28261953::span:536:540	28261953::span:1174:1177	1
28261953::span:835:839	28261953::span:542:545	1
28261953::span:835:839	28261953::span:841:844	1
28261953::span:835:839	28261953::span:1174:1177	1
28261953::span:1275:1279	28261953::span:542:545	1
28261953::span:1275:1279	28261953::span:841:844	1
28261953::span:1275:1279	28261953::span:1174:1177	1
28261953::span:542:545	28261953::span:27:31	1
28261953::span:542:545	28261953::span:526:530	1
28261953::span:542:545	28261953::span:825:829	1
28261953::span:542:545	28261953::span:1265:1269	1
28261953::span:841:844	28261953::span:27:31	1
28261953::span:841:844	28261953::span:526:530	1
28261953::span:841:844	28261953::span:825:829	1
28261953::span:841:844	28261953::span:1265:1269	1
28261953::span:1174:1177	28261953::span:27:31	1
28261953::span:1174:1177	28261953::span:526:530	1
28261953::span:1174:1177	28261953::span:825:829	1
28261953::span:1174:1177	28261953::span:1265:1269	1
28261953::span:27:31	28261953::span:551:557	1
28261953::span:27:31	28261953::span:850:856	1
28261953::span:27:31	28261953::span:1183:1189	1
28261953::span:526:530	28261953::span:551:557	1
28261953::span:526:530	28261953::span:850:856	1
28261953::span:526:530	28261953::span:1183:1189	1
28261953::span:825:829	28261953::span:551:557	1
28261953::span:825:829	28261953::span:850:856	1
28261953::span:825:829	28261953::span:1183:1189	1
28261953::span:1265:1269	28261953::span:551:557	1
28261953::span:1265:1269	28261953::span:850:856	1
28261953::span:1265:1269	28261953::span:1183:1189	1
28261953::span:551:557	28261953::span:37:41	1
28261953::span:551:557	28261953::span:536:540	1
28261953::span:551:557	28261953::span:835:839	1
28261953::span:551:557	28261953::span:1275:1279	1
28261953::span:850:856	28261953::span:37:41	1
28261953::span:850:856	28261953::span:536:540	1
28261953::span:850:856	28261953::span:835:839	1
28261953::span:850:856	28261953::span:1275:1279	1
28261953::span:1183:1189	28261953::span:37:41	1
28261953::span:1183:1189	28261953::span:536:540	1
28261953::span:1183:1189	28261953::span:835:839	1
28261953::span:1183:1189	28261953::span:1275:1279	1
28261953::span:37:41	28261953::span:551:557	1
28261953::span:37:41	28261953::span:850:856	1
28261953::span:37:41	28261953::span:1183:1189	1
28261953::span:536:540	28261953::span:551:557	1
28261953::span:536:540	28261953::span:850:856	1
28261953::span:536:540	28261953::span:1183:1189	1
28261953::span:835:839	28261953::span:551:557	1
28261953::span:835:839	28261953::span:850:856	1
28261953::span:835:839	28261953::span:1183:1189	1
28261953::span:1275:1279	28261953::span:551:557	1
28261953::span:1275:1279	28261953::span:850:856	1
28261953::span:1275:1279	28261953::span:1183:1189	1
28261562::span:45:66	28261562::span:85:103	1
28261562::span:85:103	28261562::span:871:874	1
28261562::span:85:103	28261562::span:1704:1707	1
28261562::span:871:874	28261562::span:924:943	1
28261562::span:1704:1707	28261562::span:924:943	1
28261562::span:924:943	28261562::span:1304:1308	1
28261562::span:924:943	28261562::span:1488:1492	1
28261562::span:924:943	28261562::span:1790:1794	1
28261562::span:924:943	28261562::span:1879:1883	1
28261562::span:1304:1308	28261562::span:1710:1716	1
28261562::span:1488:1492	28261562::span:1710:1716	1
28261562::span:1790:1794	28261562::span:1710:1716	1
28261562::span:1879:1883	28261562::span:1710:1716	1
28261562::span:1710:1716	28261562::span:1722:1728	1
28261562::span:1722:1728	28261562::span:153:174	1
28261375::span:442:478	28261375::span:79:86	1
28261375::span:79:86	28261375::span:919:923	1
28261375::span:79:86	28261375::span:1137:1141	1
28261375::span:919:923	28261375::span:79:86	1
28261375::span:1137:1141	28261375::span:79:86	1
28261375::span:79:86	28261375::span:662:665	1
28261375::span:79:86	28261375::span:745:748	1
28261375::span:79:86	28261375::span:824:827	1
28261375::span:79:86	28261375::span:1144:1147	1
28261375::span:662:665	28261375::span:79:86	1
28261375::span:745:748	28261375::span:79:86	1
28261375::span:824:827	28261375::span:79:86	1
28261375::span:1144:1147	28261375::span:79:86	1
28261375::span:79:86	28261375::span:627:629	1
28261375::span:79:86	28261375::span:737:739	1
28261375::span:79:86	28261375::span:768:770	1
28261375::span:79:86	28261375::span:1333:1335	1
28261375::span:627:629	28261375::span:79:86	1
28261375::span:737:739	28261375::span:79:86	1
28261375::span:768:770	28261375::span:79:86	1
28261375::span:1333:1335	28261375::span:79:86	1
28261375::span:79:86	28261375::span:949:970	1
28261375::span:949:970	28261375::span:79:86	1
28261375::span:79:86	28261375::span:662:665	1
28261375::span:79:86	28261375::span:745:748	1
28261375::span:79:86	28261375::span:824:827	1
28261375::span:79:86	28261375::span:1144:1147	1
28261375::span:662:665	28261375::span:855:870	1
28261375::span:662:665	28261375::span:1372:1387	1
28261375::span:745:748	28261375::span:855:870	1
28261375::span:745:748	28261375::span:1372:1387	1
28261375::span:824:827	28261375::span:855:870	1
28261375::span:824:827	28261375::span:1372:1387	1
28261375::span:1144:1147	28261375::span:855:870	1
28261375::span:1144:1147	28261375::span:1372:1387	1
28261350::span:12:14	28261350::span:591:597	1
28261350::span:698:700	28261350::span:591:597	1
28261350::span:898:900	28261350::span:591:597	1
28261350::span:591:597	28261350::span:20:24	1
28261350::span:591:597	28261350::span:706:710	1
28261350::span:591:597	28261350::span:906:910	1
28261350::span:591:597	28261350::span:1140:1144	1
28261350::span:20:24	28261350::span:591:597	1
28261350::span:706:710	28261350::span:591:597	1
28261350::span:906:910	28261350::span:591:597	1
28261350::span:1140:1144	28261350::span:591:597	1
28261346::span:12:18	28261346::span:545:550	1
28261346::span:12:18	28261346::span:1032:1037	1
28261346::span:12:18	28261346::span:1485:1490	1
28261346::span:110:116	28261346::span:545:550	1
28261346::span:110:116	28261346::span:1032:1037	1
28261346::span:110:116	28261346::span:1485:1490	1
28261346::span:182:188	28261346::span:545:550	1
28261346::span:182:188	28261346::span:1032:1037	1
28261346::span:182:188	28261346::span:1485:1490	1
28261346::span:310:316	28261346::span:545:550	1
28261346::span:310:316	28261346::span:1032:1037	1
28261346::span:310:316	28261346::span:1485:1490	1
28261346::span:370:376	28261346::span:545:550	1
28261346::span:370:376	28261346::span:1032:1037	1
28261346::span:370:376	28261346::span:1485:1490	1
28261346::span:501:507	28261346::span:545:550	1
28261346::span:501:507	28261346::span:1032:1037	1
28261346::span:501:507	28261346::span:1485:1490	1
28261346::span:642:648	28261346::span:545:550	1
28261346::span:642:648	28261346::span:1032:1037	1
28261346::span:642:648	28261346::span:1485:1490	1
28261346::span:774:780	28261346::span:545:550	1
28261346::span:774:780	28261346::span:1032:1037	1
28261346::span:774:780	28261346::span:1485:1490	1
28261346::span:991:997	28261346::span:545:550	1
28261346::span:991:997	28261346::span:1032:1037	1
28261346::span:991:997	28261346::span:1485:1490	1
28261346::span:1112:1118	28261346::span:545:550	1
28261346::span:1112:1118	28261346::span:1032:1037	1
28261346::span:1112:1118	28261346::span:1485:1490	1
28261346::span:1362:1368	28261346::span:545:550	1
28261346::span:1362:1368	28261346::span:1032:1037	1
28261346::span:1362:1368	28261346::span:1485:1490	1
28261346::span:1590:1596	28261346::span:545:550	1
28261346::span:1590:1596	28261346::span:1032:1037	1
28261346::span:1590:1596	28261346::span:1485:1490	1
28261346::span:1730:1736	28261346::span:545:550	1
28261346::span:1730:1736	28261346::span:1032:1037	1
28261346::span:1730:1736	28261346::span:1485:1490	1
28261346::span:1899:1905	28261346::span:545:550	1
28261346::span:1899:1905	28261346::span:1032:1037	1
28261346::span:1899:1905	28261346::span:1485:1490	1
28261346::span:2090:2096	28261346::span:545:550	1
28261346::span:2090:2096	28261346::span:1032:1037	1
28261346::span:2090:2096	28261346::span:1485:1490	1
28261346::span:2315:2321	28261346::span:545:550	1
28261346::span:2315:2321	28261346::span:1032:1037	1
28261346::span:2315:2321	28261346::span:1485:1490	1
28261345::span:1359:1363	28261345::span:0:5	1
28261345::span:1359:1363	28261345::span:1832:1837	1
28261345::span:0:5	28261345::span:1159:1163	1
28261345::span:0:5	28261345::span:1276:1280	1
28261345::span:1832:1837	28261345::span:1159:1163	1
28261345::span:1832:1837	28261345::span:1276:1280	1
28261345::span:1159:1163	28261345::span:0:5	1
28261345::span:1159:1163	28261345::span:1832:1837	1
28261345::span:1276:1280	28261345::span:0:5	1
28261345::span:1276:1280	28261345::span:1832:1837	1
28261345::span:0:5	28261345::span:1222:1223	1
28261345::span:1832:1837	28261345::span:1222:1223	1
28261345::span:1222:1223	28261345::span:0:5	1
28261345::span:1222:1223	28261345::span:1832:1837	1
28261345::span:0:5	28261345::span:1222:1223	1
28261345::span:1832:1837	28261345::span:1222:1223	1
28261345::span:1222:1223	28261345::span:1153:1157	1
28261345::span:1222:1223	28261345::span:1216:1220	1
28261345::span:1222:1223	28261345::span:1270:1274	1
28261345::span:1222:1223	28261345::span:1353:1357	1
28261345::span:1153:1157	28261345::span:1359:1363	1
28261345::span:1216:1220	28261345::span:1359:1363	1
28261345::span:1270:1274	28261345::span:1359:1363	1
28261345::span:1353:1357	28261345::span:1359:1363	1
28261345::span:1359:1363	28261345::span:1153:1157	1
28261345::span:1359:1363	28261345::span:1216:1220	1
28261345::span:1359:1363	28261345::span:1270:1274	1
28261345::span:1359:1363	28261345::span:1353:1357	1
28261345::span:1153:1157	28261345::span:1159:1163	1
28261345::span:1153:1157	28261345::span:1276:1280	1
28261345::span:1216:1220	28261345::span:1159:1163	1
28261345::span:1216:1220	28261345::span:1276:1280	1
28261345::span:1270:1274	28261345::span:1159:1163	1
28261345::span:1270:1274	28261345::span:1276:1280	1
28261345::span:1353:1357	28261345::span:1159:1163	1
28261345::span:1353:1357	28261345::span:1276:1280	1
28261345::span:1159:1163	28261345::span:1153:1157	1
28261345::span:1159:1163	28261345::span:1216:1220	1
28261345::span:1159:1163	28261345::span:1270:1274	1
28261345::span:1159:1163	28261345::span:1353:1357	1
28261345::span:1276:1280	28261345::span:1153:1157	1
28261345::span:1276:1280	28261345::span:1216:1220	1
28261345::span:1276:1280	28261345::span:1270:1274	1
28261345::span:1276:1280	28261345::span:1353:1357	1
28261341::span:7:16	28261341::span:0:5	1
28261336::span:31:38	28261336::span:927:933	1
28261336::span:31:38	28261336::span:1226:1232	1
28261336::span:1014:1021	28261336::span:927:933	1
28261336::span:1014:1021	28261336::span:1226:1232	1
28261295::span:13:42	28261295::span:58:62	1
28261295::span:138:167	28261295::span:58:62	1
28261287::span:24:44	28261287::span:321:325	1
28261287::span:24:44	28261287::span:427:431	1
28261287::span:321:325	28261287::span:67:88	1
28261287::span:321:325	28261287::span:208:229	1
28261287::span:427:431	28261287::span:67:88	1
28261287::span:427:431	28261287::span:208:229	1
28261287::span:67:88	28261287::span:321:325	1
28261287::span:67:88	28261287::span:427:431	1
28261287::span:208:229	28261287::span:321:325	1
28261287::span:208:229	28261287::span:427:431	1
28261284::span:0:19	28261284::span:145:149	1
28261284::span:0:19	28261284::span:339:343	1
28261284::span:0:19	28261284::span:1126:1130	1
28261284::span:1273:1292	28261284::span:145:149	1
28261284::span:1273:1292	28261284::span:339:343	1
28261284::span:1273:1292	28261284::span:1126:1130	1
28261284::span:145:149	28261284::span:29:76	1
28261284::span:339:343	28261284::span:29:76	1
28261284::span:1126:1130	28261284::span:29:76	1
28261284::span:29:76	28261284::span:145:149	1
28261284::span:29:76	28261284::span:339:343	1
28261284::span:29:76	28261284::span:1126:1130	1
28261204::span:14:17	28261204::span:65:71	1
28261204::span:389:392	28261204::span:65:71	1
28261204::span:526:529	28261204::span:65:71	1
28261204::span:703:706	28261204::span:65:71	1
28261204::span:854:857	28261204::span:65:71	1
28261204::span:1018:1021	28261204::span:65:71	1
28261204::span:1223:1226	28261204::span:65:71	1
28261204::span:1301:1304	28261204::span:65:71	1
28261204::span:1451:1454	28261204::span:65:71	1
28261204::span:1547:1550	28261204::span:65:71	1
28261204::span:65:71	28261204::span:14:17	1
28261204::span:65:71	28261204::span:389:392	1
28261204::span:65:71	28261204::span:526:529	1
28261204::span:65:71	28261204::span:703:706	1
28261204::span:65:71	28261204::span:854:857	1
28261204::span:65:71	28261204::span:1018:1021	1
28261204::span:65:71	28261204::span:1223:1226	1
28261204::span:65:71	28261204::span:1301:1304	1
28261204::span:65:71	28261204::span:1451:1454	1
28261204::span:65:71	28261204::span:1547:1550	1
28261204::span:14:17	28261204::span:726:741	1
28261204::span:389:392	28261204::span:726:741	1
28261204::span:526:529	28261204::span:726:741	1
28261204::span:703:706	28261204::span:726:741	1
28261204::span:854:857	28261204::span:726:741	1
28261204::span:1018:1021	28261204::span:726:741	1
28261204::span:1223:1226	28261204::span:726:741	1
28261204::span:1301:1304	28261204::span:726:741	1
28261204::span:1451:1454	28261204::span:726:741	1
28261204::span:1547:1550	28261204::span:726:741	1
28261064::span:21:26	28261064::span:1266:1281	1
28261064::span:733:738	28261064::span:1266:1281	1
28261064::span:1160:1165	28261064::span:1266:1281	1
28261064::span:1311:1316	28261064::span:1266:1281	1
28261064::span:1266:1281	28261064::span:32:37	1
28261064::span:1266:1281	28261064::span:744:749	1
28261064::span:1266:1281	28261064::span:1171:1176	1
28261064::span:1266:1281	28261064::span:1362:1367	1
28261064::span:32:37	28261064::span:1266:1281	1
28261064::span:744:749	28261064::span:1266:1281	1
28261064::span:1171:1176	28261064::span:1266:1281	1
28261064::span:1362:1367	28261064::span:1266:1281	1
28261064::span:1266:1281	28261064::span:345:351	1
28261064::span:1266:1281	28261064::span:717:723	1
28261064::span:1266:1281	28261064::span:1424:1430	1
28261064::span:345:351	28261064::span:1266:1281	1
28261064::span:717:723	28261064::span:1266:1281	1
28261064::span:1424:1430	28261064::span:1266:1281	1
28261064::span:1266:1281	28261064::span:14:18	1
28261064::span:1266:1281	28261064::span:726:730	1
28261064::span:1266:1281	28261064::span:1153:1157	1
28261064::span:1266:1281	28261064::span:1352:1356	1
28261064::span:14:18	28261064::span:1266:1281	1
28261064::span:726:730	28261064::span:1266:1281	1
28261064::span:1153:1157	28261064::span:1266:1281	1
28261064::span:1352:1356	28261064::span:1266:1281	1
28260919::span:43:51	28260919::span:587:595	1
28260919::span:306:314	28260919::span:587:595	1
28260919::span:523:531	28260919::span:587:595	1
28260919::span:623:631	28260919::span:587:595	1
28260919::span:877:885	28260919::span:587:595	1
28260919::span:1018:1026	28260919::span:587:595	1
28260919::span:1080:1088	28260919::span:587:595	1
28260919::span:1294:1302	28260919::span:587:595	1
28260919::span:1481:1489	28260919::span:587:595	1
28260919::span:1626:1634	28260919::span:587:595	1
28260919::span:1743:1751	28260919::span:587:595	1
28260919::span:1920:1928	28260919::span:587:595	1
28260907::span:33:43	28260907::span:820:824	1
28260907::span:33:43	28260907::span:1198:1202	1
28260907::span:33:43	28260907::span:1993:1997	1
28260907::span:847:857	28260907::span:820:824	1
28260907::span:847:857	28260907::span:1198:1202	1
28260907::span:847:857	28260907::span:1993:1997	1
28260907::span:1204:1214	28260907::span:820:824	1
28260907::span:1204:1214	28260907::span:1198:1202	1
28260907::span:1204:1214	28260907::span:1993:1997	1
28260907::span:1563:1573	28260907::span:820:824	1
28260907::span:1563:1573	28260907::span:1198:1202	1
28260907::span:1563:1573	28260907::span:1993:1997	1
28260907::span:2023:2033	28260907::span:820:824	1
28260907::span:2023:2033	28260907::span:1198:1202	1
28260907::span:2023:2033	28260907::span:1993:1997	1
28260907::span:820:824	28260907::span:894:906	1
28260907::span:1198:1202	28260907::span:894:906	1
28260907::span:1993:1997	28260907::span:894:906	1
28260907::span:894:906	28260907::span:820:824	1
28260907::span:894:906	28260907::span:1198:1202	1
28260907::span:894:906	28260907::span:1993:1997	1
28260907::span:820:824	28260907::span:22:30	1
28260907::span:820:824	28260907::span:331:339	1
28260907::span:820:824	28260907::span:836:844	1
28260907::span:820:824	28260907::span:1143:1151	1
28260907::span:820:824	28260907::span:1529:1537	1
28260907::span:820:824	28260907::span:2009:2017	1
28260907::span:1198:1202	28260907::span:22:30	1
28260907::span:1198:1202	28260907::span:331:339	1
28260907::span:1198:1202	28260907::span:836:844	1
28260907::span:1198:1202	28260907::span:1143:1151	1
28260907::span:1198:1202	28260907::span:1529:1537	1
28260907::span:1198:1202	28260907::span:2009:2017	1
28260907::span:1993:1997	28260907::span:22:30	1
28260907::span:1993:1997	28260907::span:331:339	1
28260907::span:1993:1997	28260907::span:836:844	1
28260907::span:1993:1997	28260907::span:1143:1151	1
28260907::span:1993:1997	28260907::span:1529:1537	1
28260907::span:1993:1997	28260907::span:2009:2017	1
28260907::span:22:30	28260907::span:820:824	1
28260907::span:22:30	28260907::span:1198:1202	1
28260907::span:22:30	28260907::span:1993:1997	1
28260907::span:331:339	28260907::span:820:824	1
28260907::span:331:339	28260907::span:1198:1202	1
28260907::span:331:339	28260907::span:1993:1997	1
28260907::span:836:844	28260907::span:820:824	1
28260907::span:836:844	28260907::span:1198:1202	1
28260907::span:836:844	28260907::span:1993:1997	1
28260907::span:1143:1151	28260907::span:820:824	1
28260907::span:1143:1151	28260907::span:1198:1202	1
28260907::span:1143:1151	28260907::span:1993:1997	1
28260907::span:1529:1537	28260907::span:820:824	1
28260907::span:1529:1537	28260907::span:1198:1202	1
28260907::span:1529:1537	28260907::span:1993:1997	1
28260907::span:2009:2017	28260907::span:820:824	1
28260907::span:2009:2017	28260907::span:1198:1202	1
28260907::span:2009:2017	28260907::span:1993:1997	1
28260907::span:820:824	28260907::span:860:888	1
28260907::span:1198:1202	28260907::span:860:888	1
28260907::span:1993:1997	28260907::span:860:888	1
28260907::span:860:888	28260907::span:820:824	1
28260907::span:860:888	28260907::span:1198:1202	1
28260907::span:860:888	28260907::span:1993:1997	1
28260899::span:281:285	28260899::span:316:324	1
28260899::span:316:324	28260899::span:295:298	1
28260899::span:295:298	28260899::span:316:324	1
28260899::span:316:324	28260899::span:288:292	1
28260899::span:288:292	28260899::span:316:324	1
28260899::span:316:324	28260899::span:305:310	1
28260899::span:305:310	28260899::span:316:324	1
28260854::span:520:523	28260854::span:585:588	1
28260854::span:585:588	28260854::span:526:530	1
28260854::span:526:530	28260854::span:533:540	1
28260854::span:526:530	28260854::span:707:714	1
28260854::span:533:540	28260854::span:543:547	1
28260854::span:707:714	28260854::span:543:547	1
28260854::span:543:547	28260854::span:550:554	1
28260854::span:550:554	28260854::span:557:560	1
28260854::span:557:560	28260854::span:563:566	1
28260854::span:563:566	28260854::span:569:572	1
28260854::span:569:572	28260854::span:575:578	1
28260854::span:575:578	28260854::span:23:31	1
28260854::span:575:578	28260854::span:103:111	1
28260854::span:575:578	28260854::span:624:632	1
28260854::span:575:578	28260854::span:815:823	1
28260767::span:192:209	28260767::span:288:293	1
28260767::span:288:293	28260767::span:923:932	1
28260767::span:923:932	28260767::span:288:293	1
28260767::span:288:293	28260767::span:192:209	1
28260767::span:192:209	28260767::span:917:921	1
28260767::span:192:209	28260767::span:1972:1976	1
28260767::span:917:921	28260767::span:923:932	1
28260767::span:1972:1976	28260767::span:923:932	1
28260767::span:923:932	28260767::span:917:921	1
28260767::span:923:932	28260767::span:1972:1976	1
28260767::span:917:921	28260767::span:1397:1401	1
28260767::span:917:921	28260767::span:1578:1582	1
28260767::span:917:921	28260767::span:1669:1673	1
28260767::span:1972:1976	28260767::span:1397:1401	1
28260767::span:1972:1976	28260767::span:1578:1582	1
28260767::span:1972:1976	28260767::span:1669:1673	1
28260767::span:1397:1401	28260767::span:288:293	1
28260767::span:1578:1582	28260767::span:288:293	1
28260767::span:1669:1673	28260767::span:288:293	1
28260767::span:288:293	28260767::span:1397:1401	1
28260767::span:288:293	28260767::span:1578:1582	1
28260767::span:288:293	28260767::span:1669:1673	1
28260767::span:1397:1401	28260767::span:917:921	1
28260767::span:1397:1401	28260767::span:1972:1976	1
28260767::span:1578:1582	28260767::span:917:921	1
28260767::span:1578:1582	28260767::span:1972:1976	1
28260767::span:1669:1673	28260767::span:917:921	1
28260767::span:1669:1673	28260767::span:1972:1976	1
28260757::span:25:32	28260757::span:469:475	1
28260757::span:489:496	28260757::span:469:475	1
28260718::span:8:12	28260718::span:1768:1779	1
28260718::span:217:221	28260718::span:1768:1779	1
28260718::span:325:329	28260718::span:1768:1779	1
28260718::span:524:528	28260718::span:1768:1779	1
28260718::span:549:553	28260718::span:1768:1779	1
28260718::span:728:732	28260718::span:1768:1779	1
28260718::span:848:852	28260718::span:1768:1779	1
28260718::span:929:933	28260718::span:1768:1779	1
28260718::span:981:985	28260718::span:1768:1779	1
28260718::span:1154:1158	28260718::span:1768:1779	1
28260718::span:1371:1375	28260718::span:1768:1779	1
28260718::span:1570:1574	28260718::span:1768:1779	1
28260718::span:1609:1613	28260718::span:1768:1779	1
28260718::span:1759:1763	28260718::span:1768:1779	1
28260702::span:1221:1236	28260702::span:147:151	1
28260702::span:1221:1236	28260702::span:604:608	1
28260702::span:1221:1236	28260702::span:1021:1025	1
28260702::span:1221:1236	28260702::span:1705:1709	1
28260702::span:1564:1579	28260702::span:147:151	1
28260702::span:1564:1579	28260702::span:604:608	1
28260702::span:1564:1579	28260702::span:1021:1025	1
28260702::span:1564:1579	28260702::span:1705:1709	1
28260702::span:147:151	28260702::span:1243:1261	1
28260702::span:147:151	28260702::span:1586:1604	1
28260702::span:604:608	28260702::span:1243:1261	1
28260702::span:604:608	28260702::span:1586:1604	1
28260702::span:1021:1025	28260702::span:1243:1261	1
28260702::span:1021:1025	28260702::span:1586:1604	1
28260702::span:1705:1709	28260702::span:1243:1261	1
28260702::span:1705:1709	28260702::span:1586:1604	1
28260702::span:1243:1261	28260702::span:147:151	1
28260702::span:1243:1261	28260702::span:604:608	1
28260702::span:1243:1261	28260702::span:1021:1025	1
28260702::span:1243:1261	28260702::span:1705:1709	1
28260702::span:1586:1604	28260702::span:147:151	1
28260702::span:1586:1604	28260702::span:604:608	1
28260702::span:1586:1604	28260702::span:1021:1025	1
28260702::span:1586:1604	28260702::span:1705:1709	1
28260702::span:147:151	28260702::span:84:90	1
28260702::span:147:151	28260702::span:153:159	1
28260702::span:147:151	28260702::span:224:230	1
28260702::span:147:151	28260702::span:558:564	1
28260702::span:147:151	28260702::span:610:616	1
28260702::span:147:151	28260702::span:1027:1033	1
28260702::span:147:151	28260702::span:1495:1501	1
28260702::span:147:151	28260702::span:1711:1717	1
28260702::span:604:608	28260702::span:84:90	1
28260702::span:604:608	28260702::span:153:159	1
28260702::span:604:608	28260702::span:224:230	1
28260702::span:604:608	28260702::span:558:564	1
28260702::span:604:608	28260702::span:610:616	1
28260702::span:604:608	28260702::span:1027:1033	1
28260702::span:604:608	28260702::span:1495:1501	1
28260702::span:604:608	28260702::span:1711:1717	1
28260702::span:1021:1025	28260702::span:84:90	1
28260702::span:1021:1025	28260702::span:153:159	1
28260702::span:1021:1025	28260702::span:224:230	1
28260702::span:1021:1025	28260702::span:558:564	1
28260702::span:1021:1025	28260702::span:610:616	1
28260702::span:1021:1025	28260702::span:1027:1033	1
28260702::span:1021:1025	28260702::span:1495:1501	1
28260702::span:1021:1025	28260702::span:1711:1717	1
28260702::span:1705:1709	28260702::span:84:90	1
28260702::span:1705:1709	28260702::span:153:159	1
28260702::span:1705:1709	28260702::span:224:230	1
28260702::span:1705:1709	28260702::span:558:564	1
28260702::span:1705:1709	28260702::span:610:616	1
28260702::span:1705:1709	28260702::span:1027:1033	1
28260702::span:1705:1709	28260702::span:1495:1501	1
28260702::span:1705:1709	28260702::span:1711:1717	1
28260702::span:84:90	28260702::span:147:151	1
28260702::span:84:90	28260702::span:604:608	1
28260702::span:84:90	28260702::span:1021:1025	1
28260702::span:84:90	28260702::span:1705:1709	1
28260702::span:153:159	28260702::span:147:151	1
28260702::span:153:159	28260702::span:604:608	1
28260702::span:153:159	28260702::span:1021:1025	1
28260702::span:153:159	28260702::span:1705:1709	1
28260702::span:224:230	28260702::span:147:151	1
28260702::span:224:230	28260702::span:604:608	1
28260702::span:224:230	28260702::span:1021:1025	1
28260702::span:224:230	28260702::span:1705:1709	1
28260702::span:558:564	28260702::span:147:151	1
28260702::span:558:564	28260702::span:604:608	1
28260702::span:558:564	28260702::span:1021:1025	1
28260702::span:558:564	28260702::span:1705:1709	1
28260702::span:610:616	28260702::span:147:151	1
28260702::span:610:616	28260702::span:604:608	1
28260702::span:610:616	28260702::span:1021:1025	1
28260702::span:610:616	28260702::span:1705:1709	1
28260702::span:1027:1033	28260702::span:147:151	1
28260702::span:1027:1033	28260702::span:604:608	1
28260702::span:1027:1033	28260702::span:1021:1025	1
28260702::span:1027:1033	28260702::span:1705:1709	1
28260702::span:1495:1501	28260702::span:147:151	1
28260702::span:1495:1501	28260702::span:604:608	1
28260702::span:1495:1501	28260702::span:1021:1025	1
28260702::span:1495:1501	28260702::span:1705:1709	1
28260702::span:1711:1717	28260702::span:147:151	1
28260702::span:1711:1717	28260702::span:604:608	1
28260702::span:1711:1717	28260702::span:1021:1025	1
28260702::span:1711:1717	28260702::span:1705:1709	1
28260702::span:147:151	28260702::span:1197:1210	1
28260702::span:604:608	28260702::span:1197:1210	1
28260702::span:1021:1025	28260702::span:1197:1210	1
28260702::span:1705:1709	28260702::span:1197:1210	1
28260702::span:1197:1210	28260702::span:147:151	1
28260702::span:1197:1210	28260702::span:604:608	1
28260702::span:1197:1210	28260702::span:1021:1025	1
28260702::span:1197:1210	28260702::span:1705:1709	1
28260649::span:13:27	28260649::span:7:11	1
28260649::span:13:27	28260649::span:465:469	1
28260649::span:13:27	28260649::span:1274:1278	1
28260649::span:13:27	28260649::span:1865:1869	1
28260649::span:884:898	28260649::span:7:11	1
28260649::span:884:898	28260649::span:465:469	1
28260649::span:884:898	28260649::span:1274:1278	1
28260649::span:884:898	28260649::span:1865:1869	1
28260615::span:324:343	28260615::span:352:359	1
28260615::span:352:359	28260615::span:366:386	1
28260615::span:366:386	28260615::span:481:502	1
28260615::span:481:502	28260615::span:418:429	1
28260615::span:418:429	28260615::span:446:460	1
28260615::span:418:429	28260615::span:544:558	1
28260446::span:356:365	28260446::span:778:787	1
28260446::span:766:775	28260446::span:778:787	1
28260446::span:1646:1655	28260446::span:778:787	1
28260446::span:778:787	28260446::span:790:831	1
28260446::span:778:787	28260446::span:1747:1788	1
28260446::span:790:831	28260446::span:349:354	1
28260446::span:1747:1788	28260446::span:349:354	1
28260446::span:349:354	28260446::span:1640:1644	1
28260446::span:349:354	28260446::span:1741:1745	1
28260391::span:714:719	28260391::span:725:734	1
28260391::span:714:719	28260391::span:1081:1090	1
28260391::span:725:734	28260391::span:946:949	1
28260391::span:725:734	28260391::span:1266:1269	1
28260391::span:1081:1090	28260391::span:946:949	1
28260391::span:1081:1090	28260391::span:1266:1269	1
28260391::span:946:949	28260391::span:952:961	1
28260391::span:946:949	28260391::span:1229:1238	1
28260391::span:946:949	28260391::span:1428:1437	1
28260391::span:1266:1269	28260391::span:952:961	1
28260391::span:1266:1269	28260391::span:1229:1238	1
28260391::span:1266:1269	28260391::span:1428:1437	1
28260391::span:952:961	28260391::span:708:712	1
28260391::span:1229:1238	28260391::span:708:712	1
28260391::span:1428:1437	28260391::span:708:712	1
28260295::span:432:479	28260295::span:494:506	1
28260295::span:494:506	28260295::span:824:842	1
28260295::span:824:842	28260295::span:978:993	1
28260295::span:978:993	28260295::span:996:1000	1
28260295::span:978:993	28260295::span:1612:1616	1
28260295::span:996:1000	28260295::span:1329:1335	1
28260295::span:1612:1616	28260295::span:1329:1335	1
28260295::span:1329:1335	28260295::span:1341:1346	1
28260295::span:1341:1346	28260295::span:209:219	1
28260295::span:1341:1346	28260295::span:1667:1677	1
28260295::span:1341:1346	28260295::span:1877:1887	1
28260175::span:19:32	28260175::span:481:495	1
28260175::span:481:495	28260175::span:927:931	1
28260175::span:927:931	28260175::span:1457:1463	1
28260162::span:8:14	28260162::span:321:327	1
28260162::span:543:549	28260162::span:321:327	1
28260162::span:1118:1124	28260162::span:321:327	1
28260162::span:1211:1217	28260162::span:321:327	1
28260162::span:1258:1264	28260162::span:321:327	1
28260162::span:1345:1351	28260162::span:321:327	1
28260162::span:1405:1411	28260162::span:321:327	1
28260162::span:321:327	28260162::span:286:306	1
28260162::span:286:306	28260162::span:671:682	1
