Biomarker	Type	label
28264072::span:161:166	28264072::span:189:191	1
28264072::span:386:391	28264072::span:189:191	1
28264072::span:189:191	28264072::span:161:166	1
28264072::span:189:191	28264072::span:386:391	1
28264072::span:161:166	28264072::span:193:210	1
28264072::span:386:391	28264072::span:193:210	1
28263981::span:0:6	28263981::span:133:139	1
28263981::span:141:147	28263981::span:133:139	1
28263981::span:161:164	28263981::span:133:139	1
28263981::span:579:585	28263981::span:133:139	1
28263981::span:593:596	28263981::span:133:139	1
28263981::span:867:873	28263981::span:133:139	1
28263981::span:1020:1026	28263981::span:133:139	1
28263971::span:0:34	28263971::span:1345:1348	1
28263971::span:79:110	28263971::span:1345:1348	1
28263971::span:113:116	28263971::span:1345:1348	1
28263971::span:215:218	28263971::span:1345:1348	1
28263971::span:384:387	28263971::span:1345:1348	1
28263971::span:652:655	28263971::span:1345:1348	1
28263971::span:792:795	28263971::span:1345:1348	1
28263971::span:952:1006	28263971::span:1345:1348	1
28263971::span:1128:1131	28263971::span:1345:1348	1
28263971::span:1345:1348	28263971::span:1354:1357	1
28263971::span:1354:1357	28263971::span:1389:1399	1
28263971::span:1389:1399	28263971::span:1401:1406	1
28263971::span:1401:1406	28263971::span:1409:1412	1
28263971::span:1409:1412	28263971::span:1418:1422	1
28263971::span:1418:1422	28263971::span:1359:1362	1
28263860::span:32:57	28263860::span:574:580	1
28263860::span:32:57	28263860::span:648:654	1
28263860::span:32:57	28263860::span:1573:1579	1
28263860::span:138:163	28263860::span:574:580	1
28263860::span:138:163	28263860::span:648:654	1
28263860::span:138:163	28263860::span:1573:1579	1
28263860::span:166:173	28263860::span:574:580	1
28263860::span:166:173	28263860::span:648:654	1
28263860::span:166:173	28263860::span:1573:1579	1
28263860::span:402:409	28263860::span:574:580	1
28263860::span:402:409	28263860::span:648:654	1
28263860::span:402:409	28263860::span:1573:1579	1
28263860::span:549:556	28263860::span:574:580	1
28263860::span:549:556	28263860::span:648:654	1
28263860::span:549:556	28263860::span:1573:1579	1
28263860::span:614:621	28263860::span:574:580	1
28263860::span:614:621	28263860::span:648:654	1
28263860::span:614:621	28263860::span:1573:1579	1
28263860::span:851:858	28263860::span:574:580	1
28263860::span:851:858	28263860::span:648:654	1
28263860::span:851:858	28263860::span:1573:1579	1
28263860::span:896:903	28263860::span:574:580	1
28263860::span:896:903	28263860::span:648:654	1
28263860::span:896:903	28263860::span:1573:1579	1
28263860::span:936:943	28263860::span:574:580	1
28263860::span:936:943	28263860::span:648:654	1
28263860::span:936:943	28263860::span:1573:1579	1
28263860::span:1088:1095	28263860::span:574:580	1
28263860::span:1088:1095	28263860::span:648:654	1
28263860::span:1088:1095	28263860::span:1573:1579	1
28263860::span:1413:1420	28263860::span:574:580	1
28263860::span:1413:1420	28263860::span:648:654	1
28263860::span:1413:1420	28263860::span:1573:1579	1
28263860::span:1596:1603	28263860::span:574:580	1
28263860::span:1596:1603	28263860::span:648:654	1
28263860::span:1596:1603	28263860::span:1573:1579	1
28263860::span:1683:1690	28263860::span:574:580	1
28263860::span:1683:1690	28263860::span:648:654	1
28263860::span:1683:1690	28263860::span:1573:1579	1
28263860::span:574:580	28263860::span:82:86	1
28263860::span:574:580	28263860::span:471:475	1
28263860::span:574:580	28263860::span:495:499	1
28263860::span:574:580	28263860::span:642:646	1
28263860::span:574:580	28263860::span:834:838	1
28263860::span:574:580	28263860::span:1098:1102	1
28263860::span:574:580	28263860::span:1567:1571	1
28263860::span:648:654	28263860::span:82:86	1
28263860::span:648:654	28263860::span:471:475	1
28263860::span:648:654	28263860::span:495:499	1
28263860::span:648:654	28263860::span:642:646	1
28263860::span:648:654	28263860::span:834:838	1
28263860::span:648:654	28263860::span:1098:1102	1
28263860::span:648:654	28263860::span:1567:1571	1
28263860::span:1573:1579	28263860::span:82:86	1
28263860::span:1573:1579	28263860::span:471:475	1
28263860::span:1573:1579	28263860::span:495:499	1
28263860::span:1573:1579	28263860::span:642:646	1
28263860::span:1573:1579	28263860::span:834:838	1
28263860::span:1573:1579	28263860::span:1098:1102	1
28263860::span:1573:1579	28263860::span:1567:1571	1
28263860::span:82:86	28263860::span:574:580	1
28263860::span:82:86	28263860::span:648:654	1
28263860::span:82:86	28263860::span:1573:1579	1
28263860::span:471:475	28263860::span:574:580	1
28263860::span:471:475	28263860::span:648:654	1
28263860::span:471:475	28263860::span:1573:1579	1
28263860::span:495:499	28263860::span:574:580	1
28263860::span:495:499	28263860::span:648:654	1
28263860::span:495:499	28263860::span:1573:1579	1
28263860::span:642:646	28263860::span:574:580	1
28263860::span:642:646	28263860::span:648:654	1
28263860::span:642:646	28263860::span:1573:1579	1
28263860::span:834:838	28263860::span:574:580	1
28263860::span:834:838	28263860::span:648:654	1
28263860::span:834:838	28263860::span:1573:1579	1
28263860::span:1098:1102	28263860::span:574:580	1
28263860::span:1098:1102	28263860::span:648:654	1
28263860::span:1098:1102	28263860::span:1573:1579	1
28263860::span:1567:1571	28263860::span:574:580	1
28263860::span:1567:1571	28263860::span:648:654	1
28263860::span:1567:1571	28263860::span:1573:1579	1
28263753::span:1721:1732	28263753::span:202:209	1
28263753::span:1721:1732	28263753::span:418:425	1
28263753::span:1721:1732	28263753::span:858:865	1
28263753::span:1721:1732	28263753::span:962:968	1
28263753::span:1721:1732	28263753::span:1095:1102	1
28263753::span:1721:1732	28263753::span:1398:1405	1
28263753::span:1721:1732	28263753::span:1535:1542	1
28263753::span:1721:1732	28263753::span:1615:1622	1
28263753::span:1721:1732	28263753::span:1959:1966	1
28263753::span:1721:1732	28263753::span:2196:2202	1
28263753::span:1721:1732	28263753::span:2494:2501	1
28263753::span:202:209	28263753::span:1735:1754	1
28263753::span:418:425	28263753::span:1735:1754	1
28263753::span:858:865	28263753::span:1735:1754	1
28263753::span:962:968	28263753::span:1735:1754	1
28263753::span:1095:1102	28263753::span:1735:1754	1
28263753::span:1398:1405	28263753::span:1735:1754	1
28263753::span:1535:1542	28263753::span:1735:1754	1
28263753::span:1615:1622	28263753::span:1735:1754	1
28263753::span:1959:1966	28263753::span:1735:1754	1
28263753::span:2196:2202	28263753::span:1735:1754	1
28263753::span:2494:2501	28263753::span:1735:1754	1
28263753::span:1735:1754	28263753::span:202:209	1
28263753::span:1735:1754	28263753::span:418:425	1
28263753::span:1735:1754	28263753::span:858:865	1
28263753::span:1735:1754	28263753::span:962:968	1
28263753::span:1735:1754	28263753::span:1095:1102	1
28263753::span:1735:1754	28263753::span:1398:1405	1
28263753::span:1735:1754	28263753::span:1535:1542	1
28263753::span:1735:1754	28263753::span:1615:1622	1
28263753::span:1735:1754	28263753::span:1959:1966	1
28263753::span:1735:1754	28263753::span:2196:2202	1
28263753::span:1735:1754	28263753::span:2494:2501	1
28263753::span:202:209	28263753::span:1851:1888	1
28263753::span:418:425	28263753::span:1851:1888	1
28263753::span:858:865	28263753::span:1851:1888	1
28263753::span:962:968	28263753::span:1851:1888	1
28263753::span:1095:1102	28263753::span:1851:1888	1
28263753::span:1398:1405	28263753::span:1851:1888	1
28263753::span:1535:1542	28263753::span:1851:1888	1
28263753::span:1615:1622	28263753::span:1851:1888	1
28263753::span:1959:1966	28263753::span:1851:1888	1
28263753::span:2196:2202	28263753::span:1851:1888	1
28263753::span:2494:2501	28263753::span:1851:1888	1
28263753::span:1851:1888	28263753::span:202:209	1
28263753::span:1851:1888	28263753::span:418:425	1
28263753::span:1851:1888	28263753::span:858:865	1
28263753::span:1851:1888	28263753::span:962:968	1
28263753::span:1851:1888	28263753::span:1095:1102	1
28263753::span:1851:1888	28263753::span:1398:1405	1
28263753::span:1851:1888	28263753::span:1535:1542	1
28263753::span:1851:1888	28263753::span:1615:1622	1
28263753::span:1851:1888	28263753::span:1959:1966	1
28263753::span:1851:1888	28263753::span:2196:2202	1
28263753::span:1851:1888	28263753::span:2494:2501	1
28263753::span:202:209	28263753::span:1794:1844	1
28263753::span:418:425	28263753::span:1794:1844	1
28263753::span:858:865	28263753::span:1794:1844	1
28263753::span:962:968	28263753::span:1794:1844	1
28263753::span:1095:1102	28263753::span:1794:1844	1
28263753::span:1398:1405	28263753::span:1794:1844	1
28263753::span:1535:1542	28263753::span:1794:1844	1
28263753::span:1615:1622	28263753::span:1794:1844	1
28263753::span:1959:1966	28263753::span:1794:1844	1
28263753::span:2196:2202	28263753::span:1794:1844	1
28263753::span:2494:2501	28263753::span:1794:1844	1
28263753::span:1794:1844	28263753::span:202:209	1
28263753::span:1794:1844	28263753::span:418:425	1
28263753::span:1794:1844	28263753::span:858:865	1
28263753::span:1794:1844	28263753::span:962:968	1
28263753::span:1794:1844	28263753::span:1095:1102	1
28263753::span:1794:1844	28263753::span:1398:1405	1
28263753::span:1794:1844	28263753::span:1535:1542	1
28263753::span:1794:1844	28263753::span:1615:1622	1
28263753::span:1794:1844	28263753::span:1959:1966	1
28263753::span:1794:1844	28263753::span:2196:2202	1
28263753::span:1794:1844	28263753::span:2494:2501	1
28263753::span:202:209	28263753::span:1634:1643	1
28263753::span:418:425	28263753::span:1634:1643	1
28263753::span:858:865	28263753::span:1634:1643	1
28263753::span:962:968	28263753::span:1634:1643	1
28263753::span:1095:1102	28263753::span:1634:1643	1
28263753::span:1398:1405	28263753::span:1634:1643	1
28263753::span:1535:1542	28263753::span:1634:1643	1
28263753::span:1615:1622	28263753::span:1634:1643	1
28263753::span:1959:1966	28263753::span:1634:1643	1
28263753::span:2196:2202	28263753::span:1634:1643	1
28263753::span:2494:2501	28263753::span:1634:1643	1
28263753::span:1634:1643	28263753::span:202:209	1
28263753::span:1634:1643	28263753::span:418:425	1
28263753::span:1634:1643	28263753::span:858:865	1
28263753::span:1634:1643	28263753::span:962:968	1
28263753::span:1634:1643	28263753::span:1095:1102	1
28263753::span:1634:1643	28263753::span:1398:1405	1
28263753::span:1634:1643	28263753::span:1535:1542	1
28263753::span:1634:1643	28263753::span:1615:1622	1
28263753::span:1634:1643	28263753::span:1959:1966	1
28263753::span:1634:1643	28263753::span:2196:2202	1
28263753::span:1634:1643	28263753::span:2494:2501	1
28263753::span:202:209	28263753::span:4:27	1
28263753::span:202:209	28263753::span:236:259	1
28263753::span:418:425	28263753::span:4:27	1
28263753::span:418:425	28263753::span:236:259	1
28263753::span:858:865	28263753::span:4:27	1
28263753::span:858:865	28263753::span:236:259	1
28263753::span:962:968	28263753::span:4:27	1
28263753::span:962:968	28263753::span:236:259	1
28263753::span:1095:1102	28263753::span:4:27	1
28263753::span:1095:1102	28263753::span:236:259	1
28263753::span:1398:1405	28263753::span:4:27	1
28263753::span:1398:1405	28263753::span:236:259	1
28263753::span:1535:1542	28263753::span:4:27	1
28263753::span:1535:1542	28263753::span:236:259	1
28263753::span:1615:1622	28263753::span:4:27	1
28263753::span:1615:1622	28263753::span:236:259	1
28263753::span:1959:1966	28263753::span:4:27	1
28263753::span:1959:1966	28263753::span:236:259	1
28263753::span:2196:2202	28263753::span:4:27	1
28263753::span:2196:2202	28263753::span:236:259	1
28263753::span:2494:2501	28263753::span:4:27	1
28263753::span:2494:2501	28263753::span:236:259	1
28263753::span:4:27	28263753::span:202:209	1
28263753::span:4:27	28263753::span:418:425	1
28263753::span:4:27	28263753::span:858:865	1
28263753::span:4:27	28263753::span:962:968	1
28263753::span:4:27	28263753::span:1095:1102	1
28263753::span:4:27	28263753::span:1398:1405	1
28263753::span:4:27	28263753::span:1535:1542	1
28263753::span:4:27	28263753::span:1615:1622	1
28263753::span:4:27	28263753::span:1959:1966	1
28263753::span:4:27	28263753::span:2196:2202	1
28263753::span:4:27	28263753::span:2494:2501	1
28263753::span:236:259	28263753::span:202:209	1
28263753::span:236:259	28263753::span:418:425	1
28263753::span:236:259	28263753::span:858:865	1
28263753::span:236:259	28263753::span:962:968	1
28263753::span:236:259	28263753::span:1095:1102	1
28263753::span:236:259	28263753::span:1398:1405	1
28263753::span:236:259	28263753::span:1535:1542	1
28263753::span:236:259	28263753::span:1615:1622	1
28263753::span:236:259	28263753::span:1959:1966	1
28263753::span:236:259	28263753::span:2196:2202	1
28263753::span:236:259	28263753::span:2494:2501	1
28263753::span:202:209	28263753::span:1696:1718	1
28263753::span:418:425	28263753::span:1696:1718	1
28263753::span:858:865	28263753::span:1696:1718	1
28263753::span:962:968	28263753::span:1696:1718	1
28263753::span:1095:1102	28263753::span:1696:1718	1
28263753::span:1398:1405	28263753::span:1696:1718	1
28263753::span:1535:1542	28263753::span:1696:1718	1
28263753::span:1615:1622	28263753::span:1696:1718	1
28263753::span:1959:1966	28263753::span:1696:1718	1
28263753::span:2196:2202	28263753::span:1696:1718	1
28263753::span:2494:2501	28263753::span:1696:1718	1
28263753::span:1696:1718	28263753::span:202:209	1
28263753::span:1696:1718	28263753::span:418:425	1
28263753::span:1696:1718	28263753::span:858:865	1
28263753::span:1696:1718	28263753::span:962:968	1
28263753::span:1696:1718	28263753::span:1095:1102	1
28263753::span:1696:1718	28263753::span:1398:1405	1
28263753::span:1696:1718	28263753::span:1535:1542	1
28263753::span:1696:1718	28263753::span:1615:1622	1
28263753::span:1696:1718	28263753::span:1959:1966	1
28263753::span:1696:1718	28263753::span:2196:2202	1
28263753::span:1696:1718	28263753::span:2494:2501	1
28263753::span:202:209	28263753::span:1757:1765	1
28263753::span:418:425	28263753::span:1757:1765	1
28263753::span:858:865	28263753::span:1757:1765	1
28263753::span:962:968	28263753::span:1757:1765	1
28263753::span:1095:1102	28263753::span:1757:1765	1
28263753::span:1398:1405	28263753::span:1757:1765	1
28263753::span:1535:1542	28263753::span:1757:1765	1
28263753::span:1615:1622	28263753::span:1757:1765	1
28263753::span:1959:1966	28263753::span:1757:1765	1
28263753::span:2196:2202	28263753::span:1757:1765	1
28263753::span:2494:2501	28263753::span:1757:1765	1
28263753::span:1757:1765	28263753::span:202:209	1
28263753::span:1757:1765	28263753::span:418:425	1
28263753::span:1757:1765	28263753::span:858:865	1
28263753::span:1757:1765	28263753::span:962:968	1
28263753::span:1757:1765	28263753::span:1095:1102	1
28263753::span:1757:1765	28263753::span:1398:1405	1
28263753::span:1757:1765	28263753::span:1535:1542	1
28263753::span:1757:1765	28263753::span:1615:1622	1
28263753::span:1757:1765	28263753::span:1959:1966	1
28263753::span:1757:1765	28263753::span:2196:2202	1
28263753::span:1757:1765	28263753::span:2494:2501	1
28263753::span:202:209	28263753::span:1646:1693	1
28263753::span:418:425	28263753::span:1646:1693	1
28263753::span:858:865	28263753::span:1646:1693	1
28263753::span:962:968	28263753::span:1646:1693	1
28263753::span:1095:1102	28263753::span:1646:1693	1
28263753::span:1398:1405	28263753::span:1646:1693	1
28263753::span:1535:1542	28263753::span:1646:1693	1
28263753::span:1615:1622	28263753::span:1646:1693	1
28263753::span:1959:1966	28263753::span:1646:1693	1
28263753::span:2196:2202	28263753::span:1646:1693	1
28263753::span:2494:2501	28263753::span:1646:1693	1
28263753::span:1646:1693	28263753::span:202:209	1
28263753::span:1646:1693	28263753::span:418:425	1
28263753::span:1646:1693	28263753::span:858:865	1
28263753::span:1646:1693	28263753::span:962:968	1
28263753::span:1646:1693	28263753::span:1095:1102	1
28263753::span:1646:1693	28263753::span:1398:1405	1
28263753::span:1646:1693	28263753::span:1535:1542	1
28263753::span:1646:1693	28263753::span:1615:1622	1
28263753::span:1646:1693	28263753::span:1959:1966	1
28263753::span:1646:1693	28263753::span:2196:2202	1
28263753::span:1646:1693	28263753::span:2494:2501	1
28263753::span:202:209	28263753::span:1768:1791	1
28263753::span:418:425	28263753::span:1768:1791	1
28263753::span:858:865	28263753::span:1768:1791	1
28263753::span:962:968	28263753::span:1768:1791	1
28263753::span:1095:1102	28263753::span:1768:1791	1
28263753::span:1398:1405	28263753::span:1768:1791	1
28263753::span:1535:1542	28263753::span:1768:1791	1
28263753::span:1615:1622	28263753::span:1768:1791	1
28263753::span:1959:1966	28263753::span:1768:1791	1
28263753::span:2196:2202	28263753::span:1768:1791	1
28263753::span:2494:2501	28263753::span:1768:1791	1
28263753::span:1768:1791	28263753::span:202:209	1
28263753::span:1768:1791	28263753::span:418:425	1
28263753::span:1768:1791	28263753::span:858:865	1
28263753::span:1768:1791	28263753::span:962:968	1
28263753::span:1768:1791	28263753::span:1095:1102	1
28263753::span:1768:1791	28263753::span:1398:1405	1
28263753::span:1768:1791	28263753::span:1535:1542	1
28263753::span:1768:1791	28263753::span:1615:1622	1
28263753::span:1768:1791	28263753::span:1959:1966	1
28263753::span:1768:1791	28263753::span:2196:2202	1
28263753::span:1768:1791	28263753::span:2494:2501	1
28263742::span:62:67	28263742::span:727:735	1
28263742::span:62:67	28263742::span:784:792	1
28263742::span:172:177	28263742::span:727:735	1
28263742::span:172:177	28263742::span:784:792	1
28263742::span:550:555	28263742::span:727:735	1
28263742::span:550:555	28263742::span:784:792	1
28263742::span:903:908	28263742::span:727:735	1
28263742::span:903:908	28263742::span:784:792	1
28263742::span:1036:1041	28263742::span:727:735	1
28263742::span:1036:1041	28263742::span:784:792	1
28263742::span:1224:1229	28263742::span:727:735	1
28263742::span:1224:1229	28263742::span:784:792	1
28263742::span:727:735	28263742::span:62:67	1
28263742::span:727:735	28263742::span:172:177	1
28263742::span:727:735	28263742::span:550:555	1
28263742::span:727:735	28263742::span:903:908	1
28263742::span:727:735	28263742::span:1036:1041	1
28263742::span:727:735	28263742::span:1224:1229	1
28263742::span:784:792	28263742::span:62:67	1
28263742::span:784:792	28263742::span:172:177	1
28263742::span:784:792	28263742::span:550:555	1
28263742::span:784:792	28263742::span:903:908	1
28263742::span:784:792	28263742::span:1036:1041	1
28263742::span:784:792	28263742::span:1224:1229	1
28263742::span:62:67	28263742::span:719:721	1
28263742::span:62:67	28263742::span:759:761	1
28263742::span:62:67	28263742::span:1057:1059	1
28263742::span:62:67	28263742::span:1279:1281	1
28263742::span:172:177	28263742::span:719:721	1
28263742::span:172:177	28263742::span:759:761	1
28263742::span:172:177	28263742::span:1057:1059	1
28263742::span:172:177	28263742::span:1279:1281	1
28263742::span:550:555	28263742::span:719:721	1
28263742::span:550:555	28263742::span:759:761	1
28263742::span:550:555	28263742::span:1057:1059	1
28263742::span:550:555	28263742::span:1279:1281	1
28263742::span:903:908	28263742::span:719:721	1
28263742::span:903:908	28263742::span:759:761	1
28263742::span:903:908	28263742::span:1057:1059	1
28263742::span:903:908	28263742::span:1279:1281	1
28263742::span:1036:1041	28263742::span:719:721	1
28263742::span:1036:1041	28263742::span:759:761	1
28263742::span:1036:1041	28263742::span:1057:1059	1
28263742::span:1036:1041	28263742::span:1279:1281	1
28263742::span:1224:1229	28263742::span:719:721	1
28263742::span:1224:1229	28263742::span:759:761	1
28263742::span:1224:1229	28263742::span:1057:1059	1
28263742::span:1224:1229	28263742::span:1279:1281	1
28263738::span:19:23	28263738::span:0:17	1
28263738::span:19:23	28263738::span:153:180	1
28263738::span:99:142	28263738::span:0:17	1
28263738::span:99:142	28263738::span:153:180	1
28263738::span:288:292	28263738::span:0:17	1
28263738::span:288:292	28263738::span:153:180	1
28263738::span:777:804	28263738::span:0:17	1
28263738::span:777:804	28263738::span:153:180	1
28263738::span:1047:1067	28263738::span:0:17	1
28263738::span:1047:1067	28263738::span:153:180	1
28263738::span:1273:1277	28263738::span:0:17	1
28263738::span:1273:1277	28263738::span:153:180	1
28263550::span:189:199	28263550::span:179:185	1
28263550::span:665:690	28263550::span:179:185	1
28263550::span:883:904	28263550::span:179:185	1
28263550::span:998:1017	28263550::span:179:185	1
28263542::span:1021:1026	28263542::span:105:139	1
28263542::span:1021:1026	28263542::span:941:975	1
28263542::span:105:139	28263542::span:1044:1060	1
28263542::span:105:139	28263542::span:1063:1068	1
28263542::span:941:975	28263542::span:1044:1060	1
28263542::span:941:975	28263542::span:1063:1068	1
28263542::span:1044:1060	28263542::span:105:139	1
28263542::span:1044:1060	28263542::span:941:975	1
28263542::span:1063:1068	28263542::span:105:139	1
28263542::span:1063:1068	28263542::span:941:975	1
28263542::span:105:139	28263542::span:43:53	1
28263542::span:105:139	28263542::span:68:78	1
28263542::span:105:139	28263542::span:519:521	1
28263542::span:105:139	28263542::span:601:603	1
28263542::span:105:139	28263542::span:850:860	1
28263542::span:105:139	28263542::span:863:865	1
28263542::span:105:139	28263542::span:1876:1878	1
28263542::span:941:975	28263542::span:43:53	1
28263542::span:941:975	28263542::span:68:78	1
28263542::span:941:975	28263542::span:519:521	1
28263542::span:941:975	28263542::span:601:603	1
28263542::span:941:975	28263542::span:850:860	1
28263542::span:941:975	28263542::span:863:865	1
28263542::span:941:975	28263542::span:1876:1878	1
28263542::span:43:53	28263542::span:105:139	1
28263542::span:43:53	28263542::span:941:975	1
28263542::span:68:78	28263542::span:105:139	1
28263542::span:68:78	28263542::span:941:975	1
28263542::span:519:521	28263542::span:105:139	1
28263542::span:519:521	28263542::span:941:975	1
28263542::span:601:603	28263542::span:105:139	1
28263542::span:601:603	28263542::span:941:975	1
28263542::span:850:860	28263542::span:105:139	1
28263542::span:850:860	28263542::span:941:975	1
28263542::span:863:865	28263542::span:105:139	1
28263542::span:863:865	28263542::span:941:975	1
28263542::span:1876:1878	28263542::span:105:139	1
28263542::span:1876:1878	28263542::span:941:975	1
28263542::span:105:139	28263542::span:994:1006	1
28263542::span:941:975	28263542::span:994:1006	1
28263542::span:994:1006	28263542::span:105:139	1
28263542::span:994:1006	28263542::span:941:975	1
28263542::span:105:139	28263542::span:545:564	1
28263542::span:105:139	28263542::span:567:570	1
28263542::span:105:139	28263542::span:593:596	1
28263542::span:941:975	28263542::span:545:564	1
28263542::span:941:975	28263542::span:567:570	1
28263542::span:941:975	28263542::span:593:596	1
28263542::span:545:564	28263542::span:105:139	1
28263542::span:545:564	28263542::span:941:975	1
28263542::span:567:570	28263542::span:105:139	1
28263542::span:567:570	28263542::span:941:975	1
28263542::span:593:596	28263542::span:105:139	1
28263542::span:593:596	28263542::span:941:975	1
28263504::span:22:61	28263504::span:172:204	1
28263504::span:152:156	28263504::span:172:204	1
28263489::span:14:23	28263489::span:879:882	1
28263489::span:873:877	28263489::span:879:882	1
28263489::span:1299:1303	28263489::span:879:882	1
28263489::span:879:882	28263489::span:0:2	1
28263489::span:879:882	28263489::span:133:154	1
28263489::span:879:882	28263489::span:425:427	1
28263489::span:879:882	28263489::span:861:863	1
28263489::span:0:2	28263489::span:865:867	1
28263489::span:133:154	28263489::span:865:867	1
28263489::span:425:427	28263489::span:865:867	1
28263489::span:861:863	28263489::span:865:867	1
28263391::span:18:33	28263391::span:35:39	1
28263391::span:18:33	28263391::span:304:308	1
28263391::span:18:33	28263391::span:609:612	1
28263391::span:280:302	28263391::span:35:39	1
28263391::span:280:302	28263391::span:304:308	1
28263391::span:280:302	28263391::span:609:612	1
28263391::span:1378:1421	28263391::span:35:39	1
28263391::span:1378:1421	28263391::span:304:308	1
28263391::span:1378:1421	28263391::span:609:612	1
28263294::span:24:53	28263294::span:2099:2102	1
28263294::span:475:504	28263294::span:2099:2102	1
28263294::span:507:512	28263294::span:2099:2102	1
28263294::span:629:634	28263294::span:2099:2102	1
28263294::span:714:719	28263294::span:2099:2102	1
28263294::span:834:839	28263294::span:2099:2102	1
28263294::span:924:929	28263294::span:2099:2102	1
28263294::span:994:999	28263294::span:2099:2102	1
28263294::span:1132:1137	28263294::span:2099:2102	1
28263294::span:1355:1360	28263294::span:2099:2102	1
28263294::span:1425:1430	28263294::span:2099:2102	1
28263294::span:1698:1703	28263294::span:2099:2102	1
28263294::span:1775:1780	28263294::span:2099:2102	1
28263294::span:2010:2015	28263294::span:2099:2102	1
28263294::span:2306:2311	28263294::span:2099:2102	1
28263294::span:2367:2372	28263294::span:2099:2102	1
28263294::span:2484:2489	28263294::span:2099:2102	1
28263294::span:2559:2564	28263294::span:2099:2102	1
28263294::span:2717:2722	28263294::span:2099:2102	1
28263037::span:8:37	28263037::span:285:288	1
28263037::span:213:242	28263037::span:285:288	1
28263037::span:246:249	28263037::span:285:288	1
28263037::span:760:763	28263037::span:285:288	1
28263037::span:1013:1016	28263037::span:285:288	1
28263037::span:1176:1179	28263037::span:285:288	1
28263037::span:1332:1335	28263037::span:285:288	1
28262744::span:715:747	28262744::span:434:441	1
28262744::span:715:747	28262744::span:656:663	1
28262744::span:715:747	28262744::span:930:937	1
28262744::span:715:747	28262744::span:1230:1237	1
28262744::span:750:753	28262744::span:434:441	1
28262744::span:750:753	28262744::span:656:663	1
28262744::span:750:753	28262744::span:930:937	1
28262744::span:750:753	28262744::span:1230:1237	1
28262744::span:1355:1358	28262744::span:434:441	1
28262744::span:1355:1358	28262744::span:656:663	1
28262744::span:1355:1358	28262744::span:930:937	1
28262744::span:1355:1358	28262744::span:1230:1237	1
28262744::span:434:441	28262744::span:673:706	1
28262744::span:434:441	28262744::span:709:711	1
28262744::span:656:663	28262744::span:673:706	1
28262744::span:656:663	28262744::span:709:711	1
28262744::span:930:937	28262744::span:673:706	1
28262744::span:930:937	28262744::span:709:711	1
28262744::span:1230:1237	28262744::span:673:706	1
28262744::span:1230:1237	28262744::span:709:711	1
28262744::span:673:706	28262744::span:434:441	1
28262744::span:673:706	28262744::span:656:663	1
28262744::span:673:706	28262744::span:930:937	1
28262744::span:673:706	28262744::span:1230:1237	1
28262744::span:709:711	28262744::span:434:441	1
28262744::span:709:711	28262744::span:656:663	1
28262744::span:709:711	28262744::span:930:937	1
28262744::span:709:711	28262744::span:1230:1237	1
28262744::span:434:441	28262744::span:761:775	1
28262744::span:434:441	28262744::span:778:780	1
28262744::span:656:663	28262744::span:761:775	1
28262744::span:656:663	28262744::span:778:780	1
28262744::span:930:937	28262744::span:761:775	1
28262744::span:930:937	28262744::span:778:780	1
28262744::span:1230:1237	28262744::span:761:775	1
28262744::span:1230:1237	28262744::span:778:780	1
28262744::span:761:775	28262744::span:434:441	1
28262744::span:761:775	28262744::span:656:663	1
28262744::span:761:775	28262744::span:930:937	1
28262744::span:761:775	28262744::span:1230:1237	1
28262744::span:778:780	28262744::span:434:441	1
28262744::span:778:780	28262744::span:656:663	1
28262744::span:778:780	28262744::span:930:937	1
28262744::span:778:780	28262744::span:1230:1237	1
28262692::span:0:9	28262692::span:243:251	1
28262692::span:0:9	28262692::span:254:259	1
28262692::span:0:9	28262692::span:440:445	1
28262692::span:0:9	28262692::span:555:560	1
28262692::span:0:9	28262692::span:831:835	1
28262692::span:0:9	28262692::span:853:858	1
28262692::span:952:961	28262692::span:243:251	1
28262692::span:952:961	28262692::span:254:259	1
28262692::span:952:961	28262692::span:440:445	1
28262692::span:952:961	28262692::span:555:560	1
28262692::span:952:961	28262692::span:831:835	1
28262692::span:952:961	28262692::span:853:858	1
28262692::span:1068:1077	28262692::span:243:251	1
28262692::span:1068:1077	28262692::span:254:259	1
28262692::span:1068:1077	28262692::span:440:445	1
28262692::span:1068:1077	28262692::span:555:560	1
28262692::span:1068:1077	28262692::span:831:835	1
28262692::span:1068:1077	28262692::span:853:858	1
28262692::span:1224:1233	28262692::span:243:251	1
28262692::span:1224:1233	28262692::span:254:259	1
28262692::span:1224:1233	28262692::span:440:445	1
28262692::span:1224:1233	28262692::span:555:560	1
28262692::span:1224:1233	28262692::span:831:835	1
28262692::span:1224:1233	28262692::span:853:858	1
28262692::span:1390:1399	28262692::span:243:251	1
28262692::span:1390:1399	28262692::span:254:259	1
28262692::span:1390:1399	28262692::span:440:445	1
28262692::span:1390:1399	28262692::span:555:560	1
28262692::span:1390:1399	28262692::span:831:835	1
28262692::span:1390:1399	28262692::span:853:858	1
28262692::span:1497:1506	28262692::span:243:251	1
28262692::span:1497:1506	28262692::span:254:259	1
28262692::span:1497:1506	28262692::span:440:445	1
28262692::span:1497:1506	28262692::span:555:560	1
28262692::span:1497:1506	28262692::span:831:835	1
28262692::span:1497:1506	28262692::span:853:858	1
28262617::span:0:11	28262617::span:136:143	1
28262617::span:0:11	28262617::span:302:306	1
28262617::span:619:625	28262617::span:136:143	1
28262617::span:619:625	28262617::span:302:306	1
28262617::span:684:690	28262617::span:136:143	1
28262617::span:684:690	28262617::span:302:306	1
28262617::span:753:759	28262617::span:136:143	1
28262617::span:753:759	28262617::span:302:306	1
28262617::span:951:957	28262617::span:136:143	1
28262617::span:951:957	28262617::span:302:306	1
28262617::span:1114:1120	28262617::span:136:143	1
28262617::span:1114:1120	28262617::span:302:306	1
28262617::span:1188:1194	28262617::span:136:143	1
28262617::span:1188:1194	28262617::span:302:306	1
28262617::span:1369:1375	28262617::span:136:143	1
28262617::span:1369:1375	28262617::span:302:306	1
28262617::span:1442:1448	28262617::span:136:143	1
28262617::span:1442:1448	28262617::span:302:306	1
28262617::span:1665:1671	28262617::span:136:143	1
28262617::span:1665:1671	28262617::span:302:306	1
28262617::span:1713:1719	28262617::span:136:143	1
28262617::span:1713:1719	28262617::span:302:306	1
28262210::span:0:10	28262210::span:283:310	1
28262210::span:242:252	28262210::span:283:310	1
28262210::span:255:258	28262210::span:283:310	1
28262210::span:477:480	28262210::span:283:310	1
28262210::span:1389:1392	28262210::span:283:310	1
28262210::span:1559:1562	28262210::span:283:310	1
28262210::span:1697:1700	28262210::span:283:310	1
28262193::span:22:26	28262193::span:149:154	1
28262193::span:103:112	28262193::span:149:154	1
28262193::span:115:119	28262193::span:149:154	1
28262193::span:227:231	28262193::span:149:154	1
28262193::span:353:357	28262193::span:149:154	1
28262193::span:462:466	28262193::span:149:154	1
28262193::span:877:881	28262193::span:149:154	1
28262193::span:1066:1070	28262193::span:149:154	1
28262193::span:1248:1252	28262193::span:149:154	1
28262193::span:1320:1324	28262193::span:149:154	1
28262193::span:1470:1474	28262193::span:149:154	1
28262130::span:21:29	28262130::span:120:125	1
28262130::span:21:29	28262130::span:1373:1378	1
28262130::span:86:94	28262130::span:120:125	1
28262130::span:86:94	28262130::span:1373:1378	1
28262130::span:97:99	28262130::span:120:125	1
28262130::span:97:99	28262130::span:1373:1378	1
28262130::span:274:276	28262130::span:120:125	1
28262130::span:274:276	28262130::span:1373:1378	1
28262130::span:415:417	28262130::span:120:125	1
28262130::span:415:417	28262130::span:1373:1378	1
28262130::span:672:674	28262130::span:120:125	1
28262130::span:672:674	28262130::span:1373:1378	1
28262130::span:989:991	28262130::span:120:125	1
28262130::span:989:991	28262130::span:1373:1378	1
28262130::span:1180:1182	28262130::span:120:125	1
28262130::span:1180:1182	28262130::span:1373:1378	1
28262130::span:1338:1340	28262130::span:120:125	1
28262130::span:1338:1340	28262130::span:1373:1378	1
28262130::span:1349:1351	28262130::span:120:125	1
28262130::span:1349:1351	28262130::span:1373:1378	1
28262130::span:1536:1538	28262130::span:120:125	1
28262130::span:1536:1538	28262130::span:1373:1378	1
28261998::span:58:75	28261998::span:1140:1147	1
28261998::span:498:515	28261998::span:1140:1147	1
28261963::span:632:641	28261963::span:621:627	1
28261963::span:644:648	28261963::span:621:627	1
28261963::span:819:824	28261963::span:621:627	1
28261963::span:1470:1474	28261963::span:621:627	1
28261963::span:1527:1532	28261963::span:621:627	1
28261963::span:1920:1924	28261963::span:621:627	1
28261684::span:55:86	28261684::span:544:547	1
28261684::span:55:86	28261684::span:967:970	1
28261684::span:502:533	28261684::span:544:547	1
28261684::span:502:533	28261684::span:967:970	1
28261684::span:536:541	28261684::span:544:547	1
28261684::span:536:541	28261684::span:967:970	1
28261684::span:1081:1086	28261684::span:544:547	1
28261684::span:1081:1086	28261684::span:967:970	1
28261684::span:1291:1296	28261684::span:544:547	1
28261684::span:1291:1296	28261684::span:967:970	1
28261684::span:1495:1500	28261684::span:544:547	1
28261684::span:1495:1500	28261684::span:967:970	1
28261684::span:1697:1702	28261684::span:544:547	1
28261684::span:1697:1702	28261684::span:967:970	1
28261684::span:544:547	28261684::span:14:49	1
28261684::span:544:547	28261684::span:454:489	1
28261684::span:544:547	28261684::span:492:495	1
28261684::span:544:547	28261684::span:1072:1075	1
28261684::span:544:547	28261684::span:1185:1188	1
28261684::span:544:547	28261684::span:1428:1431	1
28261684::span:544:547	28261684::span:1486:1489	1
28261684::span:544:547	28261684::span:1543:1546	1
28261684::span:967:970	28261684::span:14:49	1
28261684::span:967:970	28261684::span:454:489	1
28261684::span:967:970	28261684::span:492:495	1
28261684::span:967:970	28261684::span:1072:1075	1
28261684::span:967:970	28261684::span:1185:1188	1
28261684::span:967:970	28261684::span:1428:1431	1
28261684::span:967:970	28261684::span:1486:1489	1
28261684::span:967:970	28261684::span:1543:1546	1
28261684::span:14:49	28261684::span:544:547	1
28261684::span:14:49	28261684::span:967:970	1
28261684::span:454:489	28261684::span:544:547	1
28261684::span:454:489	28261684::span:967:970	1
28261684::span:492:495	28261684::span:544:547	1
28261684::span:492:495	28261684::span:967:970	1
28261684::span:1072:1075	28261684::span:544:547	1
28261684::span:1072:1075	28261684::span:967:970	1
28261684::span:1185:1188	28261684::span:544:547	1
28261684::span:1185:1188	28261684::span:967:970	1
28261684::span:1428:1431	28261684::span:544:547	1
28261684::span:1428:1431	28261684::span:967:970	1
28261684::span:1486:1489	28261684::span:544:547	1
28261684::span:1486:1489	28261684::span:967:970	1
28261684::span:1543:1546	28261684::span:544:547	1
28261684::span:1543:1546	28261684::span:967:970	1
28261562::span:45:66	28261562::span:85:103	1
28261562::span:45:66	28261562::span:821:839	1
28261562::span:45:66	28261562::span:842:846	1
28261562::span:45:66	28261562::span:1114:1118	1
28261562::span:45:66	28261562::span:1239:1243	1
28261562::span:45:66	28261562::span:1557:1561	1
28261562::span:45:66	28261562::span:1844:1848	1
28261562::span:45:66	28261562::span:2155:2159	1
28261562::span:69:78	28261562::span:85:103	1
28261562::span:69:78	28261562::span:821:839	1
28261562::span:69:78	28261562::span:842:846	1
28261562::span:69:78	28261562::span:1114:1118	1
28261562::span:69:78	28261562::span:1239:1243	1
28261562::span:69:78	28261562::span:1557:1561	1
28261562::span:69:78	28261562::span:1844:1848	1
28261562::span:69:78	28261562::span:2155:2159	1
28261562::span:515:536	28261562::span:85:103	1
28261562::span:515:536	28261562::span:821:839	1
28261562::span:515:536	28261562::span:842:846	1
28261562::span:515:536	28261562::span:1114:1118	1
28261562::span:515:536	28261562::span:1239:1243	1
28261562::span:515:536	28261562::span:1557:1561	1
28261562::span:515:536	28261562::span:1844:1848	1
28261562::span:515:536	28261562::span:2155:2159	1
28261562::span:539:547	28261562::span:85:103	1
28261562::span:539:547	28261562::span:821:839	1
28261562::span:539:547	28261562::span:842:846	1
28261562::span:539:547	28261562::span:1114:1118	1
28261562::span:539:547	28261562::span:1239:1243	1
28261562::span:539:547	28261562::span:1557:1561	1
28261562::span:539:547	28261562::span:1844:1848	1
28261562::span:539:547	28261562::span:2155:2159	1
28261562::span:550:559	28261562::span:85:103	1
28261562::span:550:559	28261562::span:821:839	1
28261562::span:550:559	28261562::span:842:846	1
28261562::span:550:559	28261562::span:1114:1118	1
28261562::span:550:559	28261562::span:1239:1243	1
28261562::span:550:559	28261562::span:1557:1561	1
28261562::span:550:559	28261562::span:1844:1848	1
28261562::span:550:559	28261562::span:2155:2159	1
28261562::span:651:659	28261562::span:85:103	1
28261562::span:651:659	28261562::span:821:839	1
28261562::span:651:659	28261562::span:842:846	1
28261562::span:651:659	28261562::span:1114:1118	1
28261562::span:651:659	28261562::span:1239:1243	1
28261562::span:651:659	28261562::span:1557:1561	1
28261562::span:651:659	28261562::span:1844:1848	1
28261562::span:651:659	28261562::span:2155:2159	1
28261562::span:1209:1217	28261562::span:85:103	1
28261562::span:1209:1217	28261562::span:821:839	1
28261562::span:1209:1217	28261562::span:842:846	1
28261562::span:1209:1217	28261562::span:1114:1118	1
28261562::span:1209:1217	28261562::span:1239:1243	1
28261562::span:1209:1217	28261562::span:1557:1561	1
28261562::span:1209:1217	28261562::span:1844:1848	1
28261562::span:1209:1217	28261562::span:2155:2159	1
28261562::span:1542:1550	28261562::span:85:103	1
28261562::span:1542:1550	28261562::span:821:839	1
28261562::span:1542:1550	28261562::span:842:846	1
28261562::span:1542:1550	28261562::span:1114:1118	1
28261562::span:1542:1550	28261562::span:1239:1243	1
28261562::span:1542:1550	28261562::span:1557:1561	1
28261562::span:1542:1550	28261562::span:1844:1848	1
28261562::span:1542:1550	28261562::span:2155:2159	1
28261562::span:1647:1655	28261562::span:85:103	1
28261562::span:1647:1655	28261562::span:821:839	1
28261562::span:1647:1655	28261562::span:842:846	1
28261562::span:1647:1655	28261562::span:1114:1118	1
28261562::span:1647:1655	28261562::span:1239:1243	1
28261562::span:1647:1655	28261562::span:1557:1561	1
28261562::span:1647:1655	28261562::span:1844:1848	1
28261562::span:1647:1655	28261562::span:2155:2159	1
28261562::span:1830:1838	28261562::span:85:103	1
28261562::span:1830:1838	28261562::span:821:839	1
28261562::span:1830:1838	28261562::span:842:846	1
28261562::span:1830:1838	28261562::span:1114:1118	1
28261562::span:1830:1838	28261562::span:1239:1243	1
28261562::span:1830:1838	28261562::span:1557:1561	1
28261562::span:1830:1838	28261562::span:1844:1848	1
28261562::span:1830:1838	28261562::span:2155:2159	1
28261562::span:2140:2148	28261562::span:85:103	1
28261562::span:2140:2148	28261562::span:821:839	1
28261562::span:2140:2148	28261562::span:842:846	1
28261562::span:2140:2148	28261562::span:1114:1118	1
28261562::span:2140:2148	28261562::span:1239:1243	1
28261562::span:2140:2148	28261562::span:1557:1561	1
28261562::span:2140:2148	28261562::span:1844:1848	1
28261562::span:2140:2148	28261562::span:2155:2159	1
28261562::span:85:103	28261562::span:871:874	1
28261562::span:85:103	28261562::span:1704:1707	1
28261562::span:821:839	28261562::span:871:874	1
28261562::span:821:839	28261562::span:1704:1707	1
28261562::span:842:846	28261562::span:871:874	1
28261562::span:842:846	28261562::span:1704:1707	1
28261562::span:1114:1118	28261562::span:871:874	1
28261562::span:1114:1118	28261562::span:1704:1707	1
28261562::span:1239:1243	28261562::span:871:874	1
28261562::span:1239:1243	28261562::span:1704:1707	1
28261562::span:1557:1561	28261562::span:871:874	1
28261562::span:1557:1561	28261562::span:1704:1707	1
28261562::span:1844:1848	28261562::span:871:874	1
28261562::span:1844:1848	28261562::span:1704:1707	1
28261562::span:2155:2159	28261562::span:871:874	1
28261562::span:2155:2159	28261562::span:1704:1707	1
28261562::span:871:874	28261562::span:924:943	1
28261562::span:871:874	28261562::span:946:953	1
28261562::span:1704:1707	28261562::span:924:943	1
28261562::span:1704:1707	28261562::span:946:953	1
28261562::span:924:943	28261562::span:1304:1308	1
28261562::span:924:943	28261562::span:1488:1492	1
28261562::span:924:943	28261562::span:1790:1794	1
28261562::span:924:943	28261562::span:1879:1883	1
28261562::span:946:953	28261562::span:1304:1308	1
28261562::span:946:953	28261562::span:1488:1492	1
28261562::span:946:953	28261562::span:1790:1794	1
28261562::span:946:953	28261562::span:1879:1883	1
28261562::span:1304:1308	28261562::span:1710:1716	1
28261562::span:1488:1492	28261562::span:1710:1716	1
28261562::span:1790:1794	28261562::span:1710:1716	1
28261562::span:1879:1883	28261562::span:1710:1716	1
28261562::span:1710:1716	28261562::span:1722:1728	1
28261562::span:1722:1728	28261562::span:14:16	1
28261350::span:20:24	28261350::span:445:452	1
28261350::span:706:710	28261350::span:445:452	1
28261350::span:906:910	28261350::span:445:452	1
28261350::span:1140:1144	28261350::span:445:452	1
28261350::span:445:452	28261350::span:12:14	1
28261350::span:445:452	28261350::span:698:700	1
28261350::span:445:452	28261350::span:898:900	1
28261350::span:12:14	28261350::span:445:452	1
28261350::span:698:700	28261350::span:445:452	1
28261350::span:898:900	28261350::span:445:452	1
28261346::span:12:18	28261346::span:129:136	1
28261346::span:110:116	28261346::span:129:136	1
28261346::span:182:188	28261346::span:129:136	1
28261346::span:310:316	28261346::span:129:136	1
28261346::span:370:376	28261346::span:129:136	1
28261346::span:501:507	28261346::span:129:136	1
28261346::span:642:648	28261346::span:129:136	1
28261346::span:774:780	28261346::span:129:136	1
28261346::span:991:997	28261346::span:129:136	1
28261346::span:1112:1118	28261346::span:129:136	1
28261346::span:1362:1368	28261346::span:129:136	1
28261346::span:1590:1596	28261346::span:129:136	1
28261346::span:1730:1736	28261346::span:129:136	1
28261346::span:1899:1905	28261346::span:129:136	1
28261346::span:2090:2096	28261346::span:129:136	1
28261346::span:2315:2321	28261346::span:129:136	1
28261345::span:1159:1163	28261345::span:7:10	1
28261345::span:1159:1163	28261345::span:505:508	1
28261345::span:1159:1163	28261345::span:550:553	1
28261345::span:1159:1163	28261345::span:689:692	1
28261345::span:1159:1163	28261345::span:791:794	1
28261345::span:1159:1163	28261345::span:1127:1130	1
28261345::span:1159:1163	28261345::span:1839:1842	1
28261345::span:1276:1280	28261345::span:7:10	1
28261345::span:1276:1280	28261345::span:505:508	1
28261345::span:1276:1280	28261345::span:550:553	1
28261345::span:1276:1280	28261345::span:689:692	1
28261345::span:1276:1280	28261345::span:791:794	1
28261345::span:1276:1280	28261345::span:1127:1130	1
28261345::span:1276:1280	28261345::span:1839:1842	1
28261345::span:7:10	28261345::span:1359:1363	1
28261345::span:505:508	28261345::span:1359:1363	1
28261345::span:550:553	28261345::span:1359:1363	1
28261345::span:689:692	28261345::span:1359:1363	1
28261345::span:791:794	28261345::span:1359:1363	1
28261345::span:1127:1130	28261345::span:1359:1363	1
28261345::span:1839:1842	28261345::span:1359:1363	1
28261345::span:1359:1363	28261345::span:7:10	1
28261345::span:1359:1363	28261345::span:505:508	1
28261345::span:1359:1363	28261345::span:550:553	1
28261345::span:1359:1363	28261345::span:689:692	1
28261345::span:1359:1363	28261345::span:791:794	1
28261345::span:1359:1363	28261345::span:1127:1130	1
28261345::span:1359:1363	28261345::span:1839:1842	1
28261336::span:31:38	28261336::span:868:875	1
28261336::span:845:849	28261336::span:868:875	1
28261336::span:1014:1021	28261336::span:868:875	1
28261336::span:1189:1193	28261336::span:868:875	1
28261336::span:1283:1287	28261336::span:868:875	1
28261287::span:67:88	28261287::span:52:61	1
28261287::span:67:88	28261287::span:193:202	1
28261287::span:67:88	28261287::span:362:371	1
28261287::span:67:88	28261287::span:898:907	1
28261287::span:67:88	28261287::span:1016:1025	1
28261287::span:91:94	28261287::span:52:61	1
28261287::span:91:94	28261287::span:193:202	1
28261287::span:91:94	28261287::span:362:371	1
28261287::span:91:94	28261287::span:898:907	1
28261287::span:91:94	28261287::span:1016:1025	1
28261287::span:208:229	28261287::span:52:61	1
28261287::span:208:229	28261287::span:193:202	1
28261287::span:208:229	28261287::span:362:371	1
28261287::span:208:229	28261287::span:898:907	1
28261287::span:208:229	28261287::span:1016:1025	1
28261287::span:232:235	28261287::span:52:61	1
28261287::span:232:235	28261287::span:193:202	1
28261287::span:232:235	28261287::span:362:371	1
28261287::span:232:235	28261287::span:898:907	1
28261287::span:232:235	28261287::span:1016:1025	1
28261287::span:284:287	28261287::span:52:61	1
28261287::span:284:287	28261287::span:193:202	1
28261287::span:284:287	28261287::span:362:371	1
28261287::span:284:287	28261287::span:898:907	1
28261287::span:284:287	28261287::span:1016:1025	1
28261287::span:639:642	28261287::span:52:61	1
28261287::span:639:642	28261287::span:193:202	1
28261287::span:639:642	28261287::span:362:371	1
28261287::span:639:642	28261287::span:898:907	1
28261287::span:639:642	28261287::span:1016:1025	1
28261287::span:913:916	28261287::span:52:61	1
28261287::span:913:916	28261287::span:193:202	1
28261287::span:913:916	28261287::span:362:371	1
28261287::span:913:916	28261287::span:898:907	1
28261287::span:913:916	28261287::span:1016:1025	1
28261287::span:52:61	28261287::span:24:44	1
28261287::span:52:61	28261287::span:47:49	1
28261287::span:52:61	28261287::span:165:185	1
28261287::span:52:61	28261287::span:188:190	1
28261287::span:52:61	28261287::span:258:278	1
28261287::span:52:61	28261287::span:631:633	1
28261287::span:52:61	28261287::span:894:896	1
28261287::span:52:61	28261287::span:970:972	1
28261287::span:52:61	28261287::span:1129:1131	1
28261287::span:52:61	28261287::span:1149:1151	1
28261287::span:52:61	28261287::span:1252:1254	1
28261287::span:52:61	28261287::span:1394:1396	1
28261287::span:52:61	28261287::span:1498:1500	1
28261287::span:52:61	28261287::span:1568:1570	1
28261287::span:193:202	28261287::span:24:44	1
28261287::span:193:202	28261287::span:47:49	1
28261287::span:193:202	28261287::span:165:185	1
28261287::span:193:202	28261287::span:188:190	1
28261287::span:193:202	28261287::span:258:278	1
28261287::span:193:202	28261287::span:631:633	1
28261287::span:193:202	28261287::span:894:896	1
28261287::span:193:202	28261287::span:970:972	1
28261287::span:193:202	28261287::span:1129:1131	1
28261287::span:193:202	28261287::span:1149:1151	1
28261287::span:193:202	28261287::span:1252:1254	1
28261287::span:193:202	28261287::span:1394:1396	1
28261287::span:193:202	28261287::span:1498:1500	1
28261287::span:193:202	28261287::span:1568:1570	1
28261287::span:362:371	28261287::span:24:44	1
28261287::span:362:371	28261287::span:47:49	1
28261287::span:362:371	28261287::span:165:185	1
28261287::span:362:371	28261287::span:188:190	1
28261287::span:362:371	28261287::span:258:278	1
28261287::span:362:371	28261287::span:631:633	1
28261287::span:362:371	28261287::span:894:896	1
28261287::span:362:371	28261287::span:970:972	1
28261287::span:362:371	28261287::span:1129:1131	1
28261287::span:362:371	28261287::span:1149:1151	1
28261287::span:362:371	28261287::span:1252:1254	1
28261287::span:362:371	28261287::span:1394:1396	1
28261287::span:362:371	28261287::span:1498:1500	1
28261287::span:362:371	28261287::span:1568:1570	1
28261287::span:898:907	28261287::span:24:44	1
28261287::span:898:907	28261287::span:47:49	1
28261287::span:898:907	28261287::span:165:185	1
28261287::span:898:907	28261287::span:188:190	1
28261287::span:898:907	28261287::span:258:278	1
28261287::span:898:907	28261287::span:631:633	1
28261287::span:898:907	28261287::span:894:896	1
28261287::span:898:907	28261287::span:970:972	1
28261287::span:898:907	28261287::span:1129:1131	1
28261287::span:898:907	28261287::span:1149:1151	1
28261287::span:898:907	28261287::span:1252:1254	1
28261287::span:898:907	28261287::span:1394:1396	1
28261287::span:898:907	28261287::span:1498:1500	1
28261287::span:898:907	28261287::span:1568:1570	1
28261287::span:1016:1025	28261287::span:24:44	1
28261287::span:1016:1025	28261287::span:47:49	1
28261287::span:1016:1025	28261287::span:165:185	1
28261287::span:1016:1025	28261287::span:188:190	1
28261287::span:1016:1025	28261287::span:258:278	1
28261287::span:1016:1025	28261287::span:631:633	1
28261287::span:1016:1025	28261287::span:894:896	1
28261287::span:1016:1025	28261287::span:970:972	1
28261287::span:1016:1025	28261287::span:1129:1131	1
28261287::span:1016:1025	28261287::span:1149:1151	1
28261287::span:1016:1025	28261287::span:1252:1254	1
28261287::span:1016:1025	28261287::span:1394:1396	1
28261287::span:1016:1025	28261287::span:1498:1500	1
28261287::span:1016:1025	28261287::span:1568:1570	1
28261287::span:24:44	28261287::span:52:61	1
28261287::span:24:44	28261287::span:193:202	1
28261287::span:24:44	28261287::span:362:371	1
28261287::span:24:44	28261287::span:898:907	1
28261287::span:24:44	28261287::span:1016:1025	1
28261287::span:47:49	28261287::span:52:61	1
28261287::span:47:49	28261287::span:193:202	1
28261287::span:47:49	28261287::span:362:371	1
28261287::span:47:49	28261287::span:898:907	1
28261287::span:47:49	28261287::span:1016:1025	1
28261287::span:165:185	28261287::span:52:61	1
28261287::span:165:185	28261287::span:193:202	1
28261287::span:165:185	28261287::span:362:371	1
28261287::span:165:185	28261287::span:898:907	1
28261287::span:165:185	28261287::span:1016:1025	1
28261287::span:188:190	28261287::span:52:61	1
28261287::span:188:190	28261287::span:193:202	1
28261287::span:188:190	28261287::span:362:371	1
28261287::span:188:190	28261287::span:898:907	1
28261287::span:188:190	28261287::span:1016:1025	1
28261287::span:258:278	28261287::span:52:61	1
28261287::span:258:278	28261287::span:193:202	1
28261287::span:258:278	28261287::span:362:371	1
28261287::span:258:278	28261287::span:898:907	1
28261287::span:258:278	28261287::span:1016:1025	1
28261287::span:631:633	28261287::span:52:61	1
28261287::span:631:633	28261287::span:193:202	1
28261287::span:631:633	28261287::span:362:371	1
28261287::span:631:633	28261287::span:898:907	1
28261287::span:631:633	28261287::span:1016:1025	1
28261287::span:894:896	28261287::span:52:61	1
28261287::span:894:896	28261287::span:193:202	1
28261287::span:894:896	28261287::span:362:371	1
28261287::span:894:896	28261287::span:898:907	1
28261287::span:894:896	28261287::span:1016:1025	1
28261287::span:970:972	28261287::span:52:61	1
28261287::span:970:972	28261287::span:193:202	1
28261287::span:970:972	28261287::span:362:371	1
28261287::span:970:972	28261287::span:898:907	1
28261287::span:970:972	28261287::span:1016:1025	1
28261287::span:1129:1131	28261287::span:52:61	1
28261287::span:1129:1131	28261287::span:193:202	1
28261287::span:1129:1131	28261287::span:362:371	1
28261287::span:1129:1131	28261287::span:898:907	1
28261287::span:1129:1131	28261287::span:1016:1025	1
28261287::span:1149:1151	28261287::span:52:61	1
28261287::span:1149:1151	28261287::span:193:202	1
28261287::span:1149:1151	28261287::span:362:371	1
28261287::span:1149:1151	28261287::span:898:907	1
28261287::span:1149:1151	28261287::span:1016:1025	1
28261287::span:1252:1254	28261287::span:52:61	1
28261287::span:1252:1254	28261287::span:193:202	1
28261287::span:1252:1254	28261287::span:362:371	1
28261287::span:1252:1254	28261287::span:898:907	1
28261287::span:1252:1254	28261287::span:1016:1025	1
28261287::span:1394:1396	28261287::span:52:61	1
28261287::span:1394:1396	28261287::span:193:202	1
28261287::span:1394:1396	28261287::span:362:371	1
28261287::span:1394:1396	28261287::span:898:907	1
28261287::span:1394:1396	28261287::span:1016:1025	1
28261287::span:1498:1500	28261287::span:52:61	1
28261287::span:1498:1500	28261287::span:193:202	1
28261287::span:1498:1500	28261287::span:362:371	1
28261287::span:1498:1500	28261287::span:898:907	1
28261287::span:1498:1500	28261287::span:1016:1025	1
28261287::span:1568:1570	28261287::span:52:61	1
28261287::span:1568:1570	28261287::span:193:202	1
28261287::span:1568:1570	28261287::span:362:371	1
28261287::span:1568:1570	28261287::span:898:907	1
28261287::span:1568:1570	28261287::span:1016:1025	1
28261220::span:354:375	28261220::span:377:381	1
28261220::span:377:381	28261220::span:354:375	1
28261220::span:354:375	28261220::span:387:396	1
28261220::span:387:396	28261220::span:13:32	1
28261220::span:387:396	28261220::span:432:450	1
28261220::span:13:32	28261220::span:452:456	1
28261220::span:432:450	28261220::span:452:456	1
28261204::span:14:17	28261204::span:412:418	1
28261204::span:349:386	28261204::span:412:418	1
28261204::span:389:392	28261204::span:412:418	1
28261204::span:526:529	28261204::span:412:418	1
28261204::span:703:706	28261204::span:412:418	1
28261204::span:854:857	28261204::span:412:418	1
28261204::span:1018:1021	28261204::span:412:418	1
28261204::span:1223:1226	28261204::span:412:418	1
28261204::span:1301:1304	28261204::span:412:418	1
28261204::span:1451:1454	28261204::span:412:418	1
28261204::span:1547:1550	28261204::span:412:418	1
28261196::span:343:349	28261196::span:110:115	1
28261196::span:343:349	28261196::span:391:396	1
28261196::span:110:115	28261196::span:331:337	1
28261196::span:391:396	28261196::span:331:337	1
28261196::span:331:337	28261196::span:110:115	1
28261196::span:331:337	28261196::span:391:396	1
28261196::span:110:115	28261196::span:19:29	1
28261196::span:110:115	28261196::span:352:362	1
28261196::span:110:115	28261196::span:486:496	1
28261196::span:110:115	28261196::span:623:633	1
28261196::span:391:396	28261196::span:19:29	1
28261196::span:391:396	28261196::span:352:362	1
28261196::span:391:396	28261196::span:486:496	1
28261196::span:391:396	28261196::span:623:633	1
28261196::span:19:29	28261196::span:110:115	1
28261196::span:19:29	28261196::span:391:396	1
28261196::span:352:362	28261196::span:110:115	1
28261196::span:352:362	28261196::span:391:396	1
28261196::span:486:496	28261196::span:110:115	1
28261196::span:486:496	28261196::span:391:396	1
28261196::span:623:633	28261196::span:110:115	1
28261196::span:623:633	28261196::span:391:396	1
28261064::span:14:18	28261064::span:161:167	1
28261064::span:726:730	28261064::span:161:167	1
28261064::span:1153:1157	28261064::span:161:167	1
28261064::span:1352:1356	28261064::span:161:167	1
28261064::span:161:167	28261064::span:14:18	1
28261064::span:161:167	28261064::span:726:730	1
28261064::span:161:167	28261064::span:1153:1157	1
28261064::span:161:167	28261064::span:1352:1356	1
28261064::span:14:18	28261064::span:1178:1182	1
28261064::span:726:730	28261064::span:1178:1182	1
28261064::span:1153:1157	28261064::span:1178:1182	1
28261064::span:1352:1356	28261064::span:1178:1182	1
28261064::span:1178:1182	28261064::span:21:26	1
28261064::span:1178:1182	28261064::span:733:738	1
28261064::span:1178:1182	28261064::span:1160:1165	1
28261064::span:1178:1182	28261064::span:1311:1316	1
28261064::span:21:26	28261064::span:161:167	1
28261064::span:733:738	28261064::span:161:167	1
28261064::span:1160:1165	28261064::span:161:167	1
28261064::span:1311:1316	28261064::span:161:167	1
28261064::span:161:167	28261064::span:32:37	1
28261064::span:161:167	28261064::span:744:749	1
28261064::span:161:167	28261064::span:1171:1176	1
28261064::span:161:167	28261064::span:1362:1367	1
28261064::span:32:37	28261064::span:161:167	1
28261064::span:744:749	28261064::span:161:167	1
28261064::span:1171:1176	28261064::span:161:167	1
28261064::span:1362:1367	28261064::span:161:167	1
28261064::span:161:167	28261064::span:345:351	1
28261064::span:161:167	28261064::span:717:723	1
28261064::span:161:167	28261064::span:1424:1430	1
28261064::span:345:351	28261064::span:161:167	1
28261064::span:717:723	28261064::span:161:167	1
28261064::span:1424:1430	28261064::span:161:167	1
28261064::span:161:167	28261064::span:345:351	1
28261064::span:161:167	28261064::span:717:723	1
28261064::span:161:167	28261064::span:1424:1430	1
28261064::span:345:351	28261064::span:1178:1182	1
28261064::span:717:723	28261064::span:1178:1182	1
28261064::span:1424:1430	28261064::span:1178:1182	1
28261064::span:1178:1182	28261064::span:21:26	1
28261064::span:1178:1182	28261064::span:733:738	1
28261064::span:1178:1182	28261064::span:1160:1165	1
28261064::span:1178:1182	28261064::span:1311:1316	1
28261064::span:21:26	28261064::span:1178:1182	1
28261064::span:733:738	28261064::span:1178:1182	1
28261064::span:1160:1165	28261064::span:1178:1182	1
28261064::span:1311:1316	28261064::span:1178:1182	1
28261064::span:1178:1182	28261064::span:32:37	1
28261064::span:1178:1182	28261064::span:744:749	1
28261064::span:1178:1182	28261064::span:1171:1176	1
28261064::span:1178:1182	28261064::span:1362:1367	1
28261064::span:32:37	28261064::span:1178:1182	1
28261064::span:744:749	28261064::span:1178:1182	1
28261064::span:1171:1176	28261064::span:1178:1182	1
28261064::span:1362:1367	28261064::span:1178:1182	1
28260989::span:1504:1542	28260989::span:310:340	1
28260989::span:1504:1542	28260989::span:343:346	1
28260989::span:310:340	28260989::span:15:64	1
28260989::span:310:340	28260989::span:618:628	1
28260989::span:310:340	28260989::span:735:748	1
28260989::span:343:346	28260989::span:15:64	1
28260989::span:343:346	28260989::span:618:628	1
28260989::span:343:346	28260989::span:735:748	1
28260989::span:15:64	28260989::span:310:340	1
28260989::span:15:64	28260989::span:343:346	1
28260989::span:618:628	28260989::span:310:340	1
28260989::span:618:628	28260989::span:343:346	1
28260989::span:735:748	28260989::span:310:340	1
28260989::span:735:748	28260989::span:343:346	1
28260919::span:43:51	28260919::span:38:40	1
28260919::span:43:51	28260919::span:192:198	1
28260919::span:266:303	28260919::span:38:40	1
28260919::span:266:303	28260919::span:192:198	1
28260919::span:306:314	28260919::span:38:40	1
28260919::span:306:314	28260919::span:192:198	1
28260919::span:523:531	28260919::span:38:40	1
28260919::span:523:531	28260919::span:192:198	1
28260919::span:623:631	28260919::span:38:40	1
28260919::span:623:631	28260919::span:192:198	1
28260919::span:877:885	28260919::span:38:40	1
28260919::span:877:885	28260919::span:192:198	1
28260919::span:1018:1026	28260919::span:38:40	1
28260919::span:1018:1026	28260919::span:192:198	1
28260919::span:1080:1088	28260919::span:38:40	1
28260919::span:1080:1088	28260919::span:192:198	1
28260919::span:1294:1302	28260919::span:38:40	1
28260919::span:1294:1302	28260919::span:192:198	1
28260919::span:1481:1489	28260919::span:38:40	1
28260919::span:1481:1489	28260919::span:192:198	1
28260919::span:1626:1634	28260919::span:38:40	1
28260919::span:1626:1634	28260919::span:192:198	1
28260919::span:1743:1751	28260919::span:38:40	1
28260919::span:1743:1751	28260919::span:192:198	1
28260919::span:1920:1928	28260919::span:38:40	1
28260919::span:1920:1928	28260919::span:192:198	1
28260907::span:22:30	28260907::span:382:389	1
28260907::span:331:339	28260907::span:382:389	1
28260907::span:836:844	28260907::span:382:389	1
28260907::span:1143:1151	28260907::span:382:389	1
28260907::span:1529:1537	28260907::span:382:389	1
28260907::span:2009:2017	28260907::span:382:389	1
28260899::span:271:278	28260899::span:246:260	1
28260899::span:246:260	28260899::span:288:292	1
28260899::span:288:292	28260899::span:246:260	1
28260899::span:246:260	28260899::span:305:310	1
28260899::span:305:310	28260899::span:246:260	1
28260899::span:246:260	28260899::span:281:285	1
28260899::span:281:285	28260899::span:246:260	1
28260899::span:246:260	28260899::span:295:298	1
28260899::span:295:298	28260899::span:246:260	1
28260854::span:520:523	28260854::span:585:588	1
28260854::span:585:588	28260854::span:526:530	1
28260854::span:526:530	28260854::span:533:540	1
28260854::span:526:530	28260854::span:707:714	1
28260854::span:533:540	28260854::span:543:547	1
28260854::span:707:714	28260854::span:543:547	1
28260854::span:543:547	28260854::span:550:554	1
28260854::span:550:554	28260854::span:557:560	1
28260854::span:557:560	28260854::span:563:566	1
28260854::span:563:566	28260854::span:569:572	1
28260854::span:569:572	28260854::span:575:578	1
28260854::span:575:578	28260854::span:0:7	1
28260854::span:575:578	28260854::span:113:121	1
28260854::span:575:578	28260854::span:509:517	1
28260854::span:575:578	28260854::span:634:642	1
28260854::span:575:578	28260854::span:689:697	1
28260854::span:575:578	28260854::span:892:900	1
28260854::span:575:578	28260854::span:977:984	1
28260796::span:919:924	28260796::span:927:932	1
28260796::span:1776:1781	28260796::span:927:932	1
28260796::span:927:932	28260796::span:935:937	1
28260796::span:935:937	28260796::span:940:944	1
28260796::span:935:937	28260796::span:1219:1223	1
28260796::span:935:937	28260796::span:1350:1354	1
28260796::span:935:937	28260796::span:1886:1890	1
28260796::span:940:944	28260796::span:947:951	1
28260796::span:1219:1223	28260796::span:947:951	1
28260796::span:1350:1354	28260796::span:947:951	1
28260796::span:1886:1890	28260796::span:947:951	1
28260796::span:947:951	28260796::span:954:959	1
28260796::span:954:959	28260796::span:962:965	1
28260796::span:954:959	28260796::span:1564:1567	1
28260796::span:954:959	28260796::span:1896:1899	1
28260796::span:962:965	28260796::span:972:977	1
28260796::span:962:965	28260796::span:1759:1764	1
28260796::span:1564:1567	28260796::span:972:977	1
28260796::span:1564:1567	28260796::span:1759:1764	1
28260796::span:1896:1899	28260796::span:972:977	1
28260796::span:1896:1899	28260796::span:1759:1764	1
28260796::span:972:977	28260796::span:51:56	1
28260796::span:972:977	28260796::span:387:390	1
28260796::span:972:977	28260796::span:393:399	1
28260796::span:972:977	28260796::span:561:566	1
28260796::span:972:977	28260796::span:910:916	1
28260796::span:1759:1764	28260796::span:51:56	1
28260796::span:1759:1764	28260796::span:387:390	1
28260796::span:1759:1764	28260796::span:393:399	1
28260796::span:1759:1764	28260796::span:561:566	1
28260796::span:1759:1764	28260796::span:910:916	1
28260796::span:51:56	28260796::span:919:924	1
28260796::span:51:56	28260796::span:1776:1781	1
28260796::span:387:390	28260796::span:919:924	1
28260796::span:387:390	28260796::span:1776:1781	1
28260796::span:393:399	28260796::span:919:924	1
28260796::span:393:399	28260796::span:1776:1781	1
28260796::span:561:566	28260796::span:919:924	1
28260796::span:561:566	28260796::span:1776:1781	1
28260796::span:910:916	28260796::span:919:924	1
28260796::span:910:916	28260796::span:1776:1781	1
28260796::span:919:924	28260796::span:927:932	1
28260796::span:1776:1781	28260796::span:927:932	1
28260796::span:927:932	28260796::span:935:937	1
28260796::span:935:937	28260796::span:940:944	1
28260796::span:935:937	28260796::span:1219:1223	1
28260796::span:935:937	28260796::span:1350:1354	1
28260796::span:935:937	28260796::span:1886:1890	1
28260796::span:940:944	28260796::span:947:951	1
28260796::span:1219:1223	28260796::span:947:951	1
28260796::span:1350:1354	28260796::span:947:951	1
28260796::span:1886:1890	28260796::span:947:951	1
28260796::span:947:951	28260796::span:954:959	1
28260796::span:954:959	28260796::span:962:965	1
28260796::span:954:959	28260796::span:1564:1567	1
28260796::span:954:959	28260796::span:1896:1899	1
28260796::span:962:965	28260796::span:972:977	1
28260796::span:962:965	28260796::span:1759:1764	1
28260796::span:1564:1567	28260796::span:972:977	1
28260796::span:1564:1567	28260796::span:1759:1764	1
28260796::span:1896:1899	28260796::span:972:977	1
28260796::span:1896:1899	28260796::span:1759:1764	1
28260796::span:972:977	28260796::span:416:426	1
28260796::span:1759:1764	28260796::span:416:426	1
28260718::span:8:12	28260718::span:854:860	1
28260718::span:8:12	28260718::span:987:993	1
28260718::span:8:12	28260718::span:1160:1166	1
28260718::span:8:12	28260718::span:1576:1582	1
28260718::span:8:12	28260718::span:1615:1621	1
28260718::span:217:221	28260718::span:854:860	1
28260718::span:217:221	28260718::span:987:993	1
28260718::span:217:221	28260718::span:1160:1166	1
28260718::span:217:221	28260718::span:1576:1582	1
28260718::span:217:221	28260718::span:1615:1621	1
28260718::span:325:329	28260718::span:854:860	1
28260718::span:325:329	28260718::span:987:993	1
28260718::span:325:329	28260718::span:1160:1166	1
28260718::span:325:329	28260718::span:1576:1582	1
28260718::span:325:329	28260718::span:1615:1621	1
28260718::span:524:528	28260718::span:854:860	1
28260718::span:524:528	28260718::span:987:993	1
28260718::span:524:528	28260718::span:1160:1166	1
28260718::span:524:528	28260718::span:1576:1582	1
28260718::span:524:528	28260718::span:1615:1621	1
28260718::span:549:553	28260718::span:854:860	1
28260718::span:549:553	28260718::span:987:993	1
28260718::span:549:553	28260718::span:1160:1166	1
28260718::span:549:553	28260718::span:1576:1582	1
28260718::span:549:553	28260718::span:1615:1621	1
28260718::span:728:732	28260718::span:854:860	1
28260718::span:728:732	28260718::span:987:993	1
28260718::span:728:732	28260718::span:1160:1166	1
28260718::span:728:732	28260718::span:1576:1582	1
28260718::span:728:732	28260718::span:1615:1621	1
28260718::span:848:852	28260718::span:854:860	1
28260718::span:848:852	28260718::span:987:993	1
28260718::span:848:852	28260718::span:1160:1166	1
28260718::span:848:852	28260718::span:1576:1582	1
28260718::span:848:852	28260718::span:1615:1621	1
28260718::span:929:933	28260718::span:854:860	1
28260718::span:929:933	28260718::span:987:993	1
28260718::span:929:933	28260718::span:1160:1166	1
28260718::span:929:933	28260718::span:1576:1582	1
28260718::span:929:933	28260718::span:1615:1621	1
28260718::span:981:985	28260718::span:854:860	1
28260718::span:981:985	28260718::span:987:993	1
28260718::span:981:985	28260718::span:1160:1166	1
28260718::span:981:985	28260718::span:1576:1582	1
28260718::span:981:985	28260718::span:1615:1621	1
28260718::span:1154:1158	28260718::span:854:860	1
28260718::span:1154:1158	28260718::span:987:993	1
28260718::span:1154:1158	28260718::span:1160:1166	1
28260718::span:1154:1158	28260718::span:1576:1582	1
28260718::span:1154:1158	28260718::span:1615:1621	1
28260718::span:1371:1375	28260718::span:854:860	1
28260718::span:1371:1375	28260718::span:987:993	1
28260718::span:1371:1375	28260718::span:1160:1166	1
28260718::span:1371:1375	28260718::span:1576:1582	1
28260718::span:1371:1375	28260718::span:1615:1621	1
28260718::span:1570:1574	28260718::span:854:860	1
28260718::span:1570:1574	28260718::span:987:993	1
28260718::span:1570:1574	28260718::span:1160:1166	1
28260718::span:1570:1574	28260718::span:1576:1582	1
28260718::span:1570:1574	28260718::span:1615:1621	1
28260718::span:1609:1613	28260718::span:854:860	1
28260718::span:1609:1613	28260718::span:987:993	1
28260718::span:1609:1613	28260718::span:1160:1166	1
28260718::span:1609:1613	28260718::span:1576:1582	1
28260718::span:1609:1613	28260718::span:1615:1621	1
28260718::span:1759:1763	28260718::span:854:860	1
28260718::span:1759:1763	28260718::span:987:993	1
28260718::span:1759:1763	28260718::span:1160:1166	1
28260718::span:1759:1763	28260718::span:1576:1582	1
28260718::span:1759:1763	28260718::span:1615:1621	1
28260162::span:8:14	28260162::span:321:327	1
28260162::span:239:245	28260162::span:321:327	1
28260162::span:309:315	28260162::span:321:327	1
28260162::span:543:549	28260162::span:321:327	1
28260162::span:627:633	28260162::span:321:327	1
28260162::span:1118:1124	28260162::span:321:327	1
28260162::span:1211:1217	28260162::span:321:327	1
28260162::span:1258:1264	28260162::span:321:327	1
28260162::span:1345:1351	28260162::span:321:327	1
28260162::span:1405:1411	28260162::span:321:327	1
28260162::span:321:327	28260162::span:261:267	1
28260162::span:321:327	28260162::span:635:641	1
28261371::span:0:8	28261371::span:295:305	1
28261371::span:60:68	28261371::span:295:305	1
28261371::span:117:125	28261371::span:295:305	1
28261371::span:228:236	28261371::span:295:305	1
28261371::span:285:293	28261371::span:295:305	1
28261371::span:405:413	28261371::span:295:305	1
28261371::span:618:626	28261371::span:295:305	1
28261371::span:803:811	28261371::span:295:305	1
28261371::span:885:893	28261371::span:295:305	1
28261371::span:937:945	28261371::span:295:305	1
28261371::span:1000:1006	28261371::span:295:305	1
28261371::span:1014:1020	28261371::span:295:305	1
28261371::span:1023:1045	28261371::span:295:305	1
28261371::span:1048:1072	28261371::span:295:305	1
28261371::span:1075:1086	28261371::span:295:305	1
28261371::span:1103:1114	28261371::span:295:305	1
28261371::span:1119:1125	28261371::span:295:305	1
28261371::span:1245:1253	28261371::span:295:305	1
28261371::span:1322:1328	28261371::span:295:305	1
